p.val	effect.size	species	p.val.without.cdiff	effect.size.without.cdiff
0.015315989966292557	0.19061555740245842	Acidaminococcus intestini [ref_mOTU_v2_0391]	0.12046435895789244	0.12671755626336081
0.962750266011922	-5.47056364455448e-4	Actinomyces graevenitzii [ref_mOTU_v2_1056]	0.9085121644051227	0.0015702164055438346
0.07820488994528724	0.029397405051961988	Actinomyces odontolyticus [ref_mOTU_v2_0375]	0.08730633016742921	0.03193144900976171
0.06337539028392797	0.03646811051869694	Actinomyces sp. HPA0247 [ref_mOTU_v2_2506]	0.0306845110956011	0.04569157703343372
0.5335656342198893	0.011031060175798161	Actinomyces sp. ICM39 [ref_mOTU_v2_0376]	0.4050182157633164	0.01610045699936876
0.1472285723143804	-0.01925840459554053	Actinomyces sp. [ref_mOTU_v2_0377]	0.11762133673102498	-0.024179607329506893
0.009077421854259722	0.03554302504575797	Actinomyces sp. [ref_mOTU_v2_0430]	0.012653839048591879	0.03467493760003125
0.2095586745749425	0.011528478439427843	Actinomyces sp. [ref_mOTU_v2_5106]	0.0436298689714008	0.017607101135688454
0.001006666649463412	-0.04352505958944819	Actinomyces sp. [ref_mOTU_v2_5209]	5.936598082549678e-5	-0.05738303671290564
0.4213842563983756	-0.013751961631706796	Actinomyces turicensis [ref_mOTU_v2_5086]	0.33357889106520655	-0.018910185131463128
0.006747028633169509	0.045678399186333096	Actinomyces viscosus [ref_mOTU_v2_1444]	0.00998652715020177	0.0497541193455888
1.0647352017815779e-4	-0.12452792378645443	Adlercreutzia equolifaciens [ref_mOTU_v2_3198]	8.761673552533947e-5	-0.15332123865935585
0.972318903556908	0.003888652872330952	Akkermansia muciniphila [ref_mOTU_v2_1301]	0.8496528911461569	0.024033259368408097
0.0019782595081866187	-0.2466391320239306	Alistipes finegoldii [ref_mOTU_v2_1481]	0.001884806558880952	-0.2754841233892571
0.23696600568621784	0.048949499628985746	Alistipes indistinctus [ref_mOTU_v2_4879]	0.3985205200327292	-0.03605255237185274
0.0136101314784823	-0.10672532430589882	Alistipes obesi [ref_mOTU_v2_1825]	0.04382787653808138	-0.10661128710659236
0.08223328164094058	-0.17116535833071592	Alistipes onderdonkii [ref_mOTU_v2_0775]	0.018588083262611892	-0.2531252894938104
0.20282665453167759	-0.11201604673091996	Alistipes putredinis [ref_mOTU_v2_4266]	0.01000325489498466	-0.26636394815584363
0.05904587186925032	-0.05601464806282021	Alistipes senegalensis [ref_mOTU_v2_1594]	0.3486156503064355	-0.03432159129916441
0.01856415566134407	-0.16922554321046038	Alistipes shahii [ref_mOTU_v2_4873]	0.0021244694883764434	-0.2649195293481345
0.5085286750619524	-0.019079245836861165	Alloscardovia omnicolens [ref_mOTU_v2_0446]	0.5741948975886173	-0.02007418140034723
0.23482109268179488	-0.061308124526947026	Anaerococcus obesiensis/vaginalis [ref_mOTU_v2_0429]	0.19571109520868848	-0.08306414603627377
0.14473366479003263	0.017856337163266123	Anaerofustis stercorihominis [ref_mOTU_v2_4267]	0.18299547842501593	0.0148812132761214
0.8538390373891629	-0.003236223249749625	Anaeroglobus geminatus [ref_mOTU_v2_5013]	0.5187516599719739	-0.012020701636435963
0.2874845742760604	0.03935981881494251	Anaerostipes caccae [ref_mOTU_v2_1381]	0.9893376735758759	5.068557812523191e-4
1.8139462134565685e-8	-0.36907059629165256	Anaerostipes hadrus [ref_mOTU_v2_1309]	1.823178319133763e-8	-0.4407794021185654
0.7363688150630424	-0.01034614264712402	Anaerotruncus colihominis [ref_mOTU_v2_0884]	0.058061761817953424	-0.052394886981865174
0.05428431431623909	0.03666974564576577	Atopobium parvulum [ref_mOTU_v2_0741]	0.03789661045530431	0.03164970404306116
0.6035930578077625	-0.017185709142960474	Atopobium vaginae [ref_mOTU_v2_1421]	0.5646901856800035	-0.023739165287272268
0.16561883794771212	0.1393816936799751	Bacteroidales sp. [ref_mOTU_v2_1074]	0.6472696556112388	-0.04980083933605511
0.17696218375206	-0.12253680976896053	Bacteroides caccae [ref_mOTU_v2_1382]	0.044052480632903915	-0.20183734716272705
0.9933766017187466	5.170119939542984e-4	Bacteroides cellulosilyticus/timonensis [ref_mOTU_v2_0692]	0.040872907308302876	-0.12708435880904484
0.13291569055469463	-0.04008156153686898	Bacteroides clarus [ref_mOTU_v2_4945]	0.5078658241622498	-0.017973143742081296
0.9407762419197079	-0.0037044053870028634	Bacteroides coprocola [ref_mOTU_v2_4312]	0.08988014325881874	-0.08940944877169357
0.7527400320029517	-0.04136519234565228	Bacteroides dorei/vulgatus [ref_mOTU_v2_0898]	0.06854411582875211	-0.27599068676793587
0.4107729899403021	0.04730452690285304	Bacteroides eggerthii [ref_mOTU_v2_1410]	0.810689914095196	-0.014286389744457896
0.01657301477143667	-0.09631259826418584	Bacteroides faecis [ref_mOTU_v2_1706]	0.029199990096155495	-0.10417054939090431
0.9703399983480392	0.0013034177542558913	Bacteroides finegoldii [ref_mOTU_v2_1409]	0.49360909070556014	-0.030236103304373478
3.4925287793426515e-4	0.2540368112156978	Bacteroides fragilis [ref_mOTU_v2_0286]	0.1563706132118191	0.10315746812047721
0.22496207943267582	0.11753703452952904	Bacteroides fragilis [ref_mOTU_v2_0287]	0.07865668241939833	0.20018748096746167
0.017116463241815174	0.26719976299199355	Bacteroides fragilis/ovatus [ref_mOTU_v2_1073]	0.9295109892850644	-0.0107530315237742
0.07110904970377786	-0.09954564916984751	Bacteroides intestinalis [ref_mOTU_v2_4321]	0.2877496480659736	-0.06776850946002894
0.00882757279156808	-0.21908486336912428	Bacteroides massiliensis [ref_mOTU_v2_0455]	0.0015544668859926128	-0.3037816151564223
0.32540873494417133	0.04701536266878006	Bacteroides nordii [ref_mOTU_v2_0302]	0.17625934514528604	0.07279214788857287
0.005728800176056261	-0.18495375663638897	Bacteroides plebeius [ref_mOTU_v2_4343]	0.0018409753385590813	-0.25037287021441557
0.6643145143106739	-0.049527550825851405	Bacteroides rodentium/uniformis [ref_mOTU_v2_0899]	0.03550875663997001	-0.277476064731156
0.47473622516048253	0.03787763028787805	Bacteroides salyersiae [ref_mOTU_v2_0458]	0.14258547197913768	-0.08840809630712441
0.1246280989907207	-0.1542905472250062	Bacteroides stercoris [ref_mOTU_v2_0275]	0.002854326861211963	-0.3306141371409659
0.9921300318613775	-0.001030819210632082	Bacteroides thetaiotaomicron [ref_mOTU_v2_0897]	0.0061948681411633	-0.3106564200084032
0.07980320854690051	0.17838525297057914	Bacteroides xylanisolvens [ref_mOTU_v2_1072]	0.35799090380015086	-0.09777993053734643
0.011043268642688104	-0.19306386020494107	Barnesiella intestinihominis [ref_mOTU_v2_4880]	0.02525543402753711	-0.19659458703670354
5.289056171201349e-4	-0.22107840420929778	Bifidobacterium adolescentis [ref_mOTU_v2_1156]	0.008450061474400646	-0.19922161112695042
0.6685015355449084	-0.017626932859008584	Bifidobacterium animalis [ref_mOTU_v2_0183]	0.18265942188258	-0.05614018465910963
0.10385241610431939	0.07029260331066431	Bifidobacterium bifidum [ref_mOTU_v2_0786]	0.873497615484366	0.0077783150498381155
0.002071007709191503	0.15561743288316857	Bifidobacterium breve [ref_mOTU_v2_0157]	0.02441509795753929	0.10232116689034566
0.37335623226001335	-0.03881089103459593	Bifidobacterium catenulatum/kashiwanohense [ref_mOTU_v2_0633]	0.12910280165932833	-0.07801210384154561
0.02177838611710046	0.12530987356639603	Bifidobacterium dentium [ref_mOTU_v2_0631]	0.03300244759497267	0.11781523708577066
0.9562982972745694	-0.004171219971648026	Bifidobacterium longum [ref_mOTU_v2_0150]	0.2821618013085997	-0.09226071856547784
0.005177545204365884	-0.16089324622219123	Bifidobacterium pseudocatenulatum [ref_mOTU_v2_0632]	0.002287996276074558	-0.21049982171180662
0.9518224422635908	-0.004397070846967097	Bilophila wadsworthia [ref_mOTU_v2_1149]	0.3880725154711968	-0.07074738688121492
0.6298452024193099	0.018123149460326067	Blautia hansenii [ref_mOTU_v2_1428]	0.5149598449075556	0.028157073875804687
3.976251944479482e-4	-0.08050495703732499	Blautia hydrogenotrophica [ref_mOTU_v2_4324]	9.08772457187829e-5	-0.10728159552500482
4.8006672087836496e-5	-0.21227510607577527	Blautia obeum [ref_mOTU_v2_4202]	3.1659969555892256e-4	-0.22594265537897676
0.0026357148948557034	-0.08474170150380904	Blautia obeum [ref_mOTU_v2_4719]	0.005901810347974474	-0.0961579501498962
0.013944049898475759	0.08057214340419079	Blautia producta [ref_mOTU_v2_1889]	0.302448563542721	0.02746967018949448
0.08288616937300744	0.08329689394783213	Blautia producta [ref_mOTU_v2_4020]	0.9263265742593085	0.003010999011138023
9.13488646432896e-6	-0.2891599098811992	Blautia sp. KLE 1732 [ref_mOTU_v2_0859]	1.7284575518226777e-4	-0.3011586338093647
4.496858392928789e-7	-0.395415801102246	Blautia wexlerae [ref_mOTU_v2_0466]	7.059463722503473e-7	-0.4568663977087723
0.020376830468451304	-0.06408561881075436	Butyrivibrio sp. CAG:318 [meta_mOTU_v2_5702]	0.017707184778656467	-0.07552758804605901
0.2743588339235525	0.014093578174648439	Citrobacter farmeri [ref_mOTU_v2_0043]	0.0450807736672337	0.030437570061929653
0.02057731272953276	0.11512408717047347	Citrobacter sp. [ref_mOTU_v2_0076]	0.0017939460637733612	0.18856683981277866
0.00358075250165714	0.06589687444344126	Citrobacter sp. [ref_mOTU_v2_0077]	2.592887173559712e-4	0.1030454198053656
0.5605449559081113	-0.020283844326970373	Clostridiales bacterium S5-A14a [meta_mOTU_v2_5486]	0.4299634381039872	-0.034235720962139816
0.42200865983492153	0.020864453334953275	Clostridiales bacterium VE202-09 [ref_mOTU_v2_2688]	0.373406544996044	-0.017130026442047367
0.9540036838424275	0.0024139462373161005	Clostridiales bacterium VE202-14 [ref_mOTU_v2_2689]	0.050597451877259246	-0.06833951918042604
0.45276944163681243	-0.01334752053720249	Clostridiales bacterium VE202-21 [ref_mOTU_v2_2690]	3.444462429047719e-4	-0.05948540495762193
0.30497926836741296	-0.018956816445142417	Clostridiales sp. [ref_mOTU_v2_0888]	0.11154091777591012	-0.03405684768845004
1.6098583897436027e-8	0.17627490392474593	Clostridioides difficile [ref_mOTU_v2_0051]	0.9999999999999966	-2.6681744695530102e-15
0.5154708962025454	-0.02142835037139797	Clostridium asparagiforme [ref_mOTU_v2_4394]	0.11425148560145416	-0.05300340485570987
0.020857263125347393	0.16922359503148263	Clostridium boltae/clostridioforme [ref_mOTU_v2_0886]	0.29974452012394726	0.07806040409692208
0.03843256556946325	-0.04708243748976722	Clostridium citroniae [ref_mOTU_v2_4882]	0.0591209309157224	-0.05054409231946509
0.006977619315287784	0.19136907005677004	Clostridium clostridioforme [ref_mOTU_v2_0979]	0.06930052249770284	0.14884130316796493
0.013952593496729681	0.07479702836746999	Clostridium clostridioforme [ref_mOTU_v2_0980]	0.06184906555117059	0.04902248275849788
9.127211200186437e-8	0.3656924352024015	Clostridium innocuum [ref_mOTU_v2_0643]	4.5657442188279116e-5	0.29919153000570964
0.02957540810256128	-0.10527277790355463	Clostridium leptum [ref_mOTU_v2_4234]	0.0026252928947862633	-0.14901334131692773
0.8557237858176839	-0.0017870956060382001	Clostridium methylpentosum [ref_mOTU_v2_4449]	0.050831257039383744	-0.01571788416370371
0.002003271193199617	0.10325918174504166	Clostridium paraputrificum [ref_mOTU_v2_2890]	5.677988583890311e-4	0.08540434022802577
0.003172775297678251	0.08361585758835838	Clostridium perfringens [ref_mOTU_v2_1117]	0.008957951758534616	0.06267890828735648
0.36049087953975234	-0.014546489462539907	Clostridium saccharolyticum [ref_mOTU_v2_1380]	0.022480599913513605	-0.040759096758777945
0.9638276301042551	-0.0019250646620159813	Clostridium scindens [ref_mOTU_v2_0883]	0.027603749508763074	-0.09353099125373503
9.574891102277616e-5	0.05520112071105197	Clostridium sp. 7_2_43FAA [ref_mOTU_v2_4288]	0.004502971417710785	0.021708578118979277
0.008596288652126676	-0.14906331379577187	Clostridium sp. AT4 [meta_mOTU_v2_7263]	0.0306187636650766	-0.15189040650484192
0.019648466036237062	-0.028702275042080717	Clostridium sp. ATCC 29733 [ref_mOTU_v2_3613]	3.0005546492365754e-4	-0.05087890034111876
0.0012635121928594346	-0.13638803094845472	Clostridium sp. CAG:127 [meta_mOTU_v2_5364]	0.009678563960260492	-0.13187064548890878
4.335803717047004e-4	-0.15835509836534464	Clostridium sp. CAG:138 [meta_mOTU_v2_7765]	0.0033464715777105566	-0.1635795478634263
0.01666451277575697	-0.12774761210947805	Clostridium sp. CAG:217 [meta_mOTU_v2_7451]	0.17495217109527494	-0.08963236220166206
0.23953826762095978	-0.046670128424125636	Clostridium sp. CAG:226 [meta_mOTU_v2_7187]	0.05237453861697578	-0.09076343884292781
0.517397672514994	-0.018950775376702676	Clostridium sp. CAG:273 [meta_mOTU_v2_5681]	0.5444386853272871	-0.01990047797719264
8.462288859925753e-4	-0.2967776047880231	Clostridium sp. CAG:568 [meta_mOTU_v2_5729]	0.039548167794009506	-0.2237566339418048
0.19402748732194758	0.014647485774123309	Clostridium sp. D5 [ref_mOTU_v2_4498]	0.13605987696090915	0.019569936608330115
0.48305245993834833	0.019210188012984724	Clostridium sp. JCC [ref_mOTU_v2_3353]	0.9674191170422335	-9.305011359964389e-4
0.8906968587811179	0.0063514741402198645	Clostridium sp. KLE 1755 [ref_mOTU_v2_0860]	0.01804809178340284	-0.0943723843982051
0.8414470997045348	0.006089576065784168	Clostridium spiroforme [ref_mOTU_v2_4235]	0.7140998861022001	-0.010080606862069876
0.013157374892027129	0.1501320559249526	Clostridium symbiosum [ref_mOTU_v2_1475]	0.30698054536040353	0.06615675021805942
0.036053133993475726	0.0854596100513989	Colibacter massiliensis [meta_mOTU_v2_7460]	0.05469580692580093	0.08896378390445732
0.029365331631400784	-0.1509079366344968	Collinsella aerofaciens [ref_mOTU_v2_1383]	0.22358228828423024	-0.0969815380337933
0.02434143847724166	-0.0614897020545657	Collinsella intestinalis [ref_mOTU_v2_4400]	0.056499424066370284	-0.06511032699487827
0.23149782309889433	0.05562949230139414	Coprobacillus sp. [ref_mOTU_v2_1401]	0.7440367405793185	0.017980201272792297
2.137371895706873e-5	-0.15793139204577447	Coprococcus catus [ref_mOTU_v2_4874]	5.719207724066625e-4	-0.1556095856786531
1.673555140575926e-5	-0.2649370579460642	Coprococcus comes [ref_mOTU_v2_4313]	4.929430715747258e-4	-0.2470993110919743
0.02998119755256455	-0.06786333865897749	Coprococcus eutactus [ref_mOTU_v2_4210]	0.16074458220176488	-0.05468699167607234
0.056460258314334426	0.07524935832189765	Coprococcus sp. [ref_mOTU_v2_0303]	0.4979641157455327	-0.02397203389480941
0.2441909647818742	0.0074759883146213795	Corynebacterium durum [ref_mOTU_v2_1615]	0.07137701720172089	0.014234664533693013
0.4924909956716049	0.015683372947715702	Desulfovibrio desulfuricans [ref_mOTU_v2_1954]	0.19716152564686484	0.031309160446344735
0.05742306894885222	-0.06274509918335115	Desulfovibrio piger [ref_mOTU_v2_4205]	0.04692776495615316	-0.07804485762879003
0.6258063294805559	-0.01719451054057502	Desulfovibrio sp. [ref_mOTU_v2_1394]	0.11098165213129875	-0.058786595041067195
0.35053204098209856	-0.06806712047910946	Dialister invisus [ref_mOTU_v2_4598]	0.24121161471790806	-0.10191015751616546
0.19115435129072111	-0.04306071508223862	Dialister sp. CAG:357 [meta_mOTU_v2_6815]	0.5408901450407007	-0.0251065973357118
0.17666831445926826	-0.06994774742698237	Dialister succinatiphilus [ref_mOTU_v2_4885]	0.10426078471717118	-0.09423855910422128
0.6731965501270158	0.013422649497203301	Dielma fastidiosa [ref_mOTU_v2_0138]	0.9022231739529959	0.0030995450208724878
7.043205108253123e-4	-0.17130731823185022	Dorea formicigenerans [ref_mOTU_v2_0973]	5.560521764176692e-4	-0.1980500940655893
0.009272898114978974	-0.16135360416066183	Dorea longicatena [ref_mOTU_v2_2893]	0.008615748643647093	-0.17519616092224222
2.425626381600146e-8	-0.3292671836899041	Dorea longicatena [ref_mOTU_v2_4203]	7.100818495500719e-7	-0.3440866581584237
0.19320368386430153	0.06879916321198282	Eggerthella lenta [ref_mOTU_v2_0642]	0.25390757671809405	-0.05965468467896744
0.0145649639152237	-0.052310302529398535	Eggerthella sp. CAG:298 [meta_mOTU_v2_5975]	5.298857718895006e-4	-0.08725245019981016
0.11993032734162552	0.013150011637029349	Eikenella corrodens [ref_mOTU_v2_4470]	0.24357227125487058	0.011222243479014744
0.031424067125015775	0.06826262264539414	Enterobacter sp. [ref_mOTU_v2_0265]	0.07323988342903066	0.061291558317991
0.5059719272642971	0.01681266791064076	Enterobacter sp. [ref_mOTU_v2_0267]	0.15607016256985837	0.04431823261192369
1.495864104179676e-4	0.4726744606144862	Enterobacteriaceae sp. [ref_mOTU_v2_0036]	3.569998483576032e-4	0.49399057121550927
8.215911650321129e-4	0.08162513484773551	Enterococcus avium [ref_mOTU_v2_0599]	0.04822644269384742	0.06222888368649751
0.37310707507957175	0.05072765996174415	Enterococcus faecalis [ref_mOTU_v2_0116]	0.9426019184387364	0.004057482066925754
0.011755364391317726	0.23474453276452065	Enterococcus faecium [ref_mOTU_v2_0372]	0.06461770160065908	0.2043086167110231
0.10554067731546994	0.06983349721130214	Enterococcus sp. [ref_mOTU_v2_1043]	0.21920365510127923	0.0622899896451843
4.4024271835574525e-4	0.2303906621608576	Erysipelotrichaceae sp. [ref_mOTU_v2_0885]	0.0011826134704148504	0.22260383118051846
0.3808090636636612	-0.015501093635716185	Erysipelotrichaceae sp. [ref_mOTU_v2_4724]	0.061605627628178825	-0.028279346312653768
0.1605662125862691	0.027935691137585532	Eubacterium dolichum [ref_mOTU_v2_4236]	0.4175109615893907	0.0158267341385319
4.76328479057174e-6	-0.2624804005131631	Eubacterium eligens [ref_mOTU_v2_4389]	0.004059177541752155	-0.2723083363578694
8.033155297931261e-8	-0.27813519009976384	Eubacterium hallii [ref_mOTU_v2_4207]	7.035243352335514e-7	-0.3190892552884771
0.004687891300490045	-0.09192359904985638	Eubacterium ramulus [ref_mOTU_v2_2795]	0.06961935689958815	-0.068758631516292
1.8298750778022172e-8	-0.6176286039603435	Eubacterium rectale [ref_mOTU_v2_1416]	2.0364976319339624e-5	-0.5662732193939818
0.0031790206109911586	-0.1763652331253273	Eubacterium siraeum [ref_mOTU_v2_1387]	0.04341180764819851	-0.1501961029021221
0.04174886598179037	-0.12306381759675722	Eubacterium sp. CAG:202 [meta_mOTU_v2_7449]	0.14231649112550682	-0.11033059294788868
0.09523099194559509	-0.09194070476610301	Eubacterium sp. CAG:38 [meta_mOTU_v2_7668]	0.18856545942949424	-0.08036634495983269
0.5441953773131841	-0.025347524908421966	Eubacterium sp. [ref_mOTU_v2_1395]	0.11533863619613134	-0.06771662365016133
0.08577621204873548	-0.01303399703582918	Eubacterium sulci [ref_mOTU_v2_5112]	0.03583073942318618	-0.016885214230298786
5.1846838485157155e-6	-0.12268304333714958	Eubacterium ventriosum [ref_mOTU_v2_4204]	1.117811887124668e-4	-0.12740183514886
1.0383029709122527e-7	-0.4630341065022401	Faecalibacterium prausnitzii [ref_mOTU_v2_1379]	4.127281633763193e-4	-0.3743978740286694
1.959779538262874e-9	-0.47389922257663447	Faecalibacterium prausnitzii [ref_mOTU_v2_4211]	1.607926562918977e-8	-0.5174354548960524
0.002249883734304439	-0.3037022297179901	Faecalibacterium prausnitzii [ref_mOTU_v2_4875]	0.02602829869867212	-0.25051253305414783
7.708627906121474e-10	-0.5317520620723611	Faecalibacterium prausnitzii [ref_mOTU_v2_4910]	2.0497811183970266e-5	-0.4444544400913506
0.29512649631424576	-0.07592817070280536	Fenollaria massiliensis [ref_mOTU_v2_5215]	0.3061286025323691	-0.09334964776499458
0.16986021228971132	-0.06571447466527058	Finegoldia magna [ref_mOTU_v2_1208]	0.2132517047751084	-0.07401500925389988
0.17833265397680753	-0.06758251880415908	Finegoldia magna [ref_mOTU_v2_4423]	0.2535323663485422	-0.07141099424671804
0.0019782540372306223	0.2522700999417211	Flavonifractor plautii [ref_mOTU_v2_1377]	0.9703920093110618	0.00318216706953088
0.05128601077879618	0.07251830394846037	Fusobacterium mortiferum [ref_mOTU_v2_4310]	0.2624857623931871	0.0419410120633243
0.08581774088679726	0.08649067635905747	Fusobacterium nucleatum s. animalis [ref_mOTU_v2_0776]	0.1267987104372989	0.08024584680922661
0.10128407262795411	0.0275143704224586	Fusobacterium nucleatum s. polymorphum [ref_mOTU_v2_0131]	0.10202422780394498	0.03244443364135293
0.456426923115419	0.012513462742823507	Fusobacterium periodonticum [ref_mOTU_v2_1402]	0.7493840964984442	-0.004477871607148277
0.3811596289295466	-0.023148726004262203	Gardnerella vaginalis [ref_mOTU_v2_0095]	0.5288406461402708	-0.020489322192360836
0.8260250726113313	-0.0035694308813849574	Gemella morbillorum [ref_mOTU_v2_4513]	0.642961411598514	-0.008582132242617167
0.7345850304659209	-0.0054684845112466275	Gemella sanguinis [ref_mOTU_v2_1151]	0.735993055704235	0.006564076118231233
0.08609473229729721	0.04336832642647343	Granulicatella adiacens [ref_mOTU_v2_4659]	0.011922183058028939	0.07810841612319389
0.0027975317085146257	0.022472673963958592	Haemophilus haemolyticus [ref_mOTU_v2_0123]	0.0026615384325098927	0.02490589157280184
0.036042115606649654	0.11409780453665522	Haemophilus parainfluenzae [ref_mOTU_v2_0358]	0.0016089439938679574	0.1948739958086667
4.7447145646858354e-4	-0.15319035217543137	Holdemanella biformis [meta_mOTU_v2_7589]	0.006030169187398018	-0.14461289036965302
0.04874057687135328	-0.07959673126686535	Holdemanella biformis [ref_mOTU_v2_4395]	0.22087209728430113	-0.05967057095276713
0.30615420851253844	-0.036708043896741385	Holdemania filiformis [ref_mOTU_v2_4459]	0.023779569358649697	-0.08621641950442006
0.3531171443335118	-0.014995964779165155	Holdemania massiliensis [ref_mOTU_v2_2557]	0.9450359923923265	-0.0013680583084672204
0.051078087571153605	0.0988607619341355	Hungatella hathewayi [ref_mOTU_v2_0882]	0.4570123087145347	0.03907622599307652
0.27823592426264443	0.036533738311747777	Intestinibacter bartlettii [ref_mOTU_v2_4268]	0.9693981365098718	0.0011802839722234784
3.9195003269423503e-4	-0.14636600359390103	Intestinimonas butyriciproducens [ref_mOTU_v2_2968]	0.0013635988450177237	-0.14163034527327298
0.006616628555014	0.22780835904783017	Klebsiella michiganensis/oxytoca [ref_mOTU_v2_0079]	2.879590086228866e-4	0.36530122211476274
8.278749142679962e-4	0.3417385433759065	Klebsiella sp. [ref_mOTU_v2_0160]	4.082245259123374e-4	0.41059743309745217
1.2958526897244394e-5	-0.12311020437926048	Lachnospiraceae bacterium 1_4_56FAA [ref_mOTU_v2_4723]	5.294986645654473e-6	-0.15130075395525489
0.041071012584502055	-0.08821219362126133	Lachnospiraceae bacterium 3_1_57FAA_CT1 [ref_mOTU_v2_0887]	0.00537502396739652	-0.13878857453065976
0.5590927475718002	0.01506113643838585	Lactobacillus acidophilus [ref_mOTU_v2_0862]	0.7620779022268889	0.009263420666383101
0.1444590728475613	0.0566418634684892	Lactobacillus casei/paracasei [ref_mOTU_v2_0226]	0.09883803488109547	0.07701790668811082
0.889247160195129	0.0019715726709836332	Lactobacillus crispatus [ref_mOTU_v2_1063]	0.8283837548580857	-0.003401340699420359
0.06750445857406852	0.020787786590181875	Lactobacillus delbrueckii [ref_mOTU_v2_0181]	0.6255471137494846	-0.005303967537082738
3.343550550080896e-5	0.13871962593611475	Lactobacillus fermentum [ref_mOTU_v2_1050]	2.812970460848553e-9	0.20652998204985998
0.003306074157397832	0.10951958599395814	Lactobacillus gasseri [ref_mOTU_v2_0725]	7.317518110247789e-4	0.12892458324769232
0.555161757784677	0.01379330601786855	Lactobacillus mucosae [ref_mOTU_v2_0568]	0.6976652277070012	-0.005464461992621246
0.2069322912487005	0.02896220417901831	Lactobacillus oris [ref_mOTU_v2_1528]	0.4527295346757608	0.018911836822122087
0.07451738843059308	0.07485322619143342	Lactobacillus plantarum [ref_mOTU_v2_0154]	0.0163829090278808	0.12297073355423133
0.2637985690177571	0.03709683942587592	Lactobacillus reuteri [ref_mOTU_v2_1076]	0.29419186071648085	0.03635596499035611
0.03578402827366549	0.10759453985013062	Lactobacillus rhamnosus [ref_mOTU_v2_0048]	0.007947909669466291	0.15189137978953507
0.03696395989671079	0.10896808026270473	Lactobacillus salivarius [ref_mOTU_v2_0125]	0.006467871961049475	0.16236145735387292
0.058955705871758635	0.025427816176341118	Lactobacillus vaginalis [ref_mOTU_v2_3392]	0.014527392872303873	0.03679819272100031
0.47702884886690733	0.023619727398524835	Lactococcus lactis [ref_mOTU_v2_0182]	0.6504253479934266	0.01823213193520835
0.36045559956137063	0.0177162429906213	Lactococcus lactis [ref_mOTU_v2_0371]	0.2032845317880942	0.028392853855449412
0.13453324938588412	0.011935054224750984	Lawsonella clevelandensis [meta_mOTU_v2_7078]	0.29694103187383214	0.008670444070754459
0.10077057961080199	-0.10055352800450137	Megamonas funiformis/rupellensis [ref_mOTU_v2_0502]	0.10496530200188442	-0.11900724866592473
0.49724202329311074	-0.017391446076771132	Megasphaera elsdenii [ref_mOTU_v2_0252]	0.44899284616410895	-0.02139568041592558
0.003940064690204482	0.1143678605846381	Megasphaera micronuciformis [ref_mOTU_v2_4840]	4.7153342491969885e-5	0.184321426265316
0.23548247390581267	-0.05329645119367371	Megasphaera sp. [ref_mOTU_v2_0965]	0.6222872560550472	-0.02522445654068937
8.891664097164425e-4	-0.1325770402807389	Methanobrevibacter smithii [ref_mOTU_v2_1384]	0.006773553908223396	-0.1327682006212387
4.7815184211795573e-4	0.17544657996924543	Morganella morganii [ref_mOTU_v2_0545]	1.193716064074973e-4	0.23792159530149096
8.669959750102728e-4	-0.05231713909481191	Neglecta timonensis [meta_mOTU_v2_7115]	0.002198501007546513	-0.059313712131775075
0.10431644572610967	-0.03901044062647209	Odoribacter laneus [ref_mOTU_v2_4887]	0.0783162263285764	-0.04567128519213674
0.33907984984635653	-0.06787136452184862	Odoribacter splanchnicus [ref_mOTU_v2_4846]	0.11267979992850709	-0.13154807115063102
1.1686634047739929e-4	-0.08154752109527234	Oscillibacter sp. 57_20 [meta_mOTU_v2_5351]	0.016677490571019048	-0.05821472729302147
2.3062898172218239e-7	-0.3521494530209895	Oscillibacter sp. 57_20 [meta_mOTU_v2_6676]	4.899146258764813e-4	-0.2868440059443557
1.035408640066834e-5	-0.33077170470603673	Oscillibacter sp. ER4 [ref_mOTU_v2_3624]	0.0022445310962813654	-0.2804293759297279
0.010154628513267643	-0.18149040546450665	Oscillibacter sp. KLE 1728 [ref_mOTU_v2_0858]	3.149486596149112e-5	-0.3196258752694407
0.16069409387381303	0.051931338600730306	Parabacteroides goldsteinii [ref_mOTU_v2_0901]	0.5338217539553247	0.02243315811794932
0.3409048926449525	0.029836869233719004	Parabacteroides johnsonii [ref_mOTU_v2_5296]	0.30136013212490725	0.030894201004985234
0.05639975797677639	-0.15647595841786024	Parabacteroides merdae [ref_mOTU_v2_1378]	0.00451625238075015	-0.28684281699343445
0.028241047033629996	-0.1188248043572306	Paraprevotella clara [ref_mOTU_v2_4942]	0.006413300060646882	-0.16755723999415778
0.080897185629735	-0.04582635504603209	Paraprevotella xylaniphila [ref_mOTU_v2_4943]	0.18851057277411468	-0.04295247014040477
0.0898669009596851	-0.1081767401102615	Parasutterella excrementihominis [ref_mOTU_v2_1405]	0.009806189222568434	-0.18028934540002822
0.9410089287179066	-0.0016516223193250288	Parvimonas micra [ref_mOTU_v2_1145]	0.7560691000691019	0.008358907936123565
0.13664461594084645	0.0664413507371708	Pediococcus acidilactici [ref_mOTU_v2_0308]	0.056671034797463854	0.09469410048513263
0.6936014633496874	0.008369788510708347	Peptostreptococcus stomatis [ref_mOTU_v2_4614]	0.9826510199559615	5.467173243380144e-4
0.26025195992943484	0.08533746924120197	Phascolarctobacterium sp. [ref_mOTU_v2_2805]	0.2974161514761543	-0.0867921592089957
0.3507414982217987	-0.030711279631280005	Phascolarctobacterium sp. [ref_mOTU_v2_2806]	0.3125950904857935	-0.03816203667811772
0.02118289533514227	-0.10515752324244693	Phascolarctobacterium succinatutens [ref_mOTU_v2_0947]	0.11613768275630176	-0.08804338873507546
0.016980772192589914	-0.07609169398352353	Porphyromonadaceae sp. [ref_mOTU_v2_1091]	0.024773201286353484	-0.08469091794255029
0.14241834052684396	-0.07982007295116134	Porphyromonas asaccharolytica [ref_mOTU_v2_1517]	0.16588739188199508	-0.09267000656763558
0.22419405825427777	-0.056045917659549936	Porphyromonas uenonis [ref_mOTU_v2_4616]	0.2291859979424165	-0.06843850095427807
0.1914394421086071	-0.0876478336666405	Prevotella bivia [ref_mOTU_v2_0999]	0.27389021044855005	-0.0913096427309497
0.29098159135835705	-0.06501468771171474	Prevotella buccalis [ref_mOTU_v2_4771]	0.3022835337650219	-0.07936917786091018
0.0014482333986052301	-0.38560357701218645	Prevotella copri [ref_mOTU_v2_4448]	0.23280001168766581	-0.1708184079198673
0.5590334616938379	-0.033131358882544086	Prevotella corporis [ref_mOTU_v2_0513]	0.7410955960394813	-0.02326226077163195
4.53404495809285e-6	-0.281367072301804	Prevotella sp. CAG:279 [meta_mOTU_v2_6938]	0.001739116367401775	-0.23217008842711645
0.009061253439688737	-0.20317623430951653	Prevotella stercorea [ref_mOTU_v2_1551]	0.12358155604734744	-0.14572123374468582
0.8722296582000839	-0.002819587637079275	Propionibacterium acnes [ref_mOTU_v2_0071]	0.3697915763316676	-0.017279750916843778
3.598943939931742e-4	0.16389020459740758	Proteus mirabilis [ref_mOTU_v2_0546]	8.370351079183898e-4	0.16452571909855657
0.6998381935650211	0.011350030895542958	Pseudomonas aeruginosa/otitidis [ref_mOTU_v2_0096]	0.9743880289792102	-9.255574904627807e-4
0.28224371321309644	0.041202393068217644	Raoultella ornithinolytica/planticola [ref_mOTU_v2_0074]	0.14793731506891075	0.06739557538731202
1.3634274664303559e-6	-0.22736655148030116	Roseburia hominis [ref_mOTU_v2_4572]	1.880069018640839e-4	-0.21722513304859054
0.08731127562712364	-0.1328899572988884	Roseburia intestinalis [ref_mOTU_v2_1427]	0.30959849639935516	-0.09065494053200912
9.141534984414218e-4	-0.2615998517587486	Roseburia inulinivorans [ref_mOTU_v2_4632]	0.016330248319799033	-0.22111395786065877
1.8185450199042967e-9	-0.1828184566532492	Roseburia sp. 40_7 [meta_mOTU_v2_6875]	8.953614390907796e-10	-0.22955596609034887
0.009599813949004709	-0.05838168853560011	Roseburia sp. CAG:309 [meta_mOTU_v2_6793]	0.04425214273837975	-0.056113858792237264
0.004405067032185939	0.045372268670210145	Rothia dentocariosa [ref_mOTU_v2_1446]	6.015551337414636e-4	0.06814651489494862
0.2867515135287604	0.024340003628985512	Rothia mucilaginosa [ref_mOTU_v2_1438]	0.13252966788701462	0.04049393324236144
8.513511229367154e-4	-0.0863818928318695	Ruminococcaceae bacterium D16 [ref_mOTU_v2_4480]	2.630061913254765e-4	-0.08857993102481082
3.0003841586500123e-6	-0.3049352529877521	Ruminococcus bicirculans [ref_mOTU_v2_2358]	5.057728075162911e-4	-0.2853008827780202
0.0076331572631333335	-0.16266031040840112	Ruminococcus bromii [ref_mOTU_v2_4720]	0.025423811460871835	-0.15367882069550196
0.0034270888550022973	-0.11343519120917704	Ruminococcus callidus [ref_mOTU_v2_4209]	0.01594070219358151	-0.11678656343625125
0.0067120153514701264	0.2826969486293607	Ruminococcus gnavus [ref_mOTU_v2_0280]	0.3798594887186575	0.09477651981533429
0.004599857142353404	-0.13235650259110415	Ruminococcus lactaris [ref_mOTU_v2_0281]	0.03579224353958342	-0.11914488922999898
0.55823141698523715	-0.019397005225818668	Ruminococcus sp. CAG:177 [meta_mOTU_v2_5453]	0.6770723783335544	-0.017293435356260704
0.014652998502232924	-0.12172139461273215	Ruminococcus sp. CAG:177 [meta_mOTU_v2_6664]	0.0021336618846086557	-0.1714649540929532
0.16185483541292414	-0.03666345929891491	Ruminococcus sp. CAG:254 [meta_mOTU_v2_5967]	0.12261777565969485	-0.035908524799072666
0.004702558126086523	-0.19719156124838724	Ruminococcus torques [ref_mOTU_v2_1376]	0.0030527356152199314	-0.2401840540444402
1.4927961412099727e-4	-0.22320824215851828	Ruminococcus torques [ref_mOTU_v2_4718]	0.015740998408092594	-0.16807837448781904
0.8483190640261323	-0.005859356210026359	Solobacterium moorei [ref_mOTU_v2_0531]	0.4895639562232148	-0.025365759356812227
0.2591382131831768	-0.026942216476426844	Staphylococcus epidermidis [ref_mOTU_v2_0007]	0.3630560335021754	-0.026776398817690727
0.4771280369470037	-0.022918157148144866	Streptococcus anginosus [ref_mOTU_v2_0004]	0.5268099624420345	-0.02424308686354651
0.25049903307706967	-0.04663649959491242	Streptococcus anginosus [ref_mOTU_v2_0005]	0.327528005175285	-0.04934656852173548
0.5658049444504969	-0.00960147412417732	Streptococcus anginosus [ref_mOTU_v2_0351]	0.5064682907913634	-0.01275659915463011
0.7359863602123331	-0.01029187818834073	Streptococcus anginosus [ref_mOTU_v2_0687]	0.8311692066649184	-0.007741939123263537
0.24321377962441848	0.023570120402851204	Streptococcus australis [ref_mOTU_v2_1524]	0.05240491626101364	0.043612320788268474
0.8069509658259387	0.007037626467705971	Streptococcus constellatus/intermedius [ref_mOTU_v2_0143]	0.976599508761282	9.173398591971203e-4
0.0948016626741046	0.014639597652261964	Streptococcus cristatus [ref_mOTU_v2_1525]	0.05979413314425731	0.01342865051116412
0.21470292992369672	-0.051507599972754586	Streptococcus equinus [ref_mOTU_v2_0793]	0.4941376023801817	-0.03517671557112434
0.03031528483225854	0.040293041326283384	Streptococcus gordonii [ref_mOTU_v2_1398]	0.011722966467680205	0.04027216733868018
0.8555969854594562	0.002234907529864825	Streptococcus infantis [ref_mOTU_v2_1561]	0.2956444539755172	0.015800486680394202
0.031879084951342194	0.03834762348148991	Streptococcus infantis [ref_mOTU_v2_5047]	0.002394016489024755	0.05527431097958566
0.8512791932021191	-0.0036268245113930783	Streptococcus infantis/mitis [ref_mOTU_v2_0683]	0.7380951149752146	-0.00720689919548219
0.4684917495802784	0.01534596067595195	Streptococcus intermedius [ref_mOTU_v2_0352]	0.45934702094447977	0.017986138984839816
0.5649781899744212	-0.008774334856856105	Streptococcus mitis [ref_mOTU_v2_0022]	0.8509578814890424	0.003467035915151055
0.5807517291380107	-0.006202053648186875	Streptococcus mitis [ref_mOTU_v2_0024]	0.9146325707189213	-0.0014366958547293895
0.02160674723749928	0.01216393520632486	Streptococcus mitis [ref_mOTU_v2_0025]	0.01028200948450285	0.016094946515986353
0.06601244270012159	0.019299110409707602	Streptococcus mitis [ref_mOTU_v2_0026]	0.027133272113495654	0.027339966587888665
0.4557674239382803	0.013387214179935146	Streptococcus mitis [ref_mOTU_v2_0027]	0.2964542716038903	0.022721839171786013
0.72143626015252	-0.005841521747461837	Streptococcus mitis [ref_mOTU_v2_0028]	0.7176081896022012	0.0071434406981699915
0.8760842236690206	-0.0015561599579528374	Streptococcus mitis [ref_mOTU_v2_0029]	0.2569218426068186	0.013186781517934457
0.22062928815245647	0.01950421641628576	Streptococcus mitis [ref_mOTU_v2_0030]	0.08047799019349977	0.03221440308023168
0.23482369011485166	0.03902797241309539	Streptococcus mitis [ref_mOTU_v2_0031]	0.03527622938251054	0.08121125891641486
0.0754657135450702	0.026048285999692892	Streptococcus mitis [ref_mOTU_v2_0032]	0.012627347089697566	0.0450816416924742
0.21673167682797867	0.028360625293569697	Streptococcus mutans [ref_mOTU_v2_0289]	0.43916705692991187	0.016970001441209043
0.14776627229990308	0.02359030589177083	Streptococcus oralis [ref_mOTU_v2_0072]	0.059735113381101095	0.035449715150547664
0.432479321393464	0.014785911048113326	Streptococcus oralis [ref_mOTU_v2_0146]	0.06370544642148768	0.035940630806188686
0.7854891323099622	0.0033418166935654963	Streptococcus oralis [ref_mOTU_v2_0353]	0.710804257134002	0.005458662598634548
0.8930893122396969	0.002007179004370895	Streptococcus oralis [ref_mOTU_v2_0354]	0.8538847448259954	0.0032855874471504846
0.8938310082635728	-0.0013360452463916377	Streptococcus oralis [ref_mOTU_v2_0355]	0.5564538836750115	0.007184805975778935
0.3389377435940356	0.026689620144372622	Streptococcus oralis [ref_mOTU_v2_0356]	0.20403407443999486	0.04250527337327699
0.2936583536117591	0.011612362064943066	Streptococcus oralis [ref_mOTU_v2_0357]	0.3165569552513946	0.012417235007654046
0.5098931958237625	0.010433031638112393	Streptococcus oralis [ref_mOTU_v2_0984]	0.39153130778401124	0.015016014245577958
8.834390688842143e-4	0.15532899369661995	Streptococcus parasanguinis [ref_mOTU_v2_0144]	1.4585005349644872e-4	0.19749619808300348
0.9682856589776028	-3.9069477398616235e-4	Streptococcus peroris [ref_mOTU_v2_5116]	0.23069071994211154	0.013447537917537257
0.4704952871303255	0.011496537822363926	Streptococcus pneumoniae [ref_mOTU_v2_0020]	0.11792337470776064	0.02930021119952718
0.5498096610114807	0.009642770434636915	Streptococcus pseudopneumoniae [ref_mOTU_v2_0021]	0.37344860337808683	0.016933367623401085
0.9267509375307799	0.006091336544597335	Streptococcus salivarius [ref_mOTU_v2_0199]	0.4378853080311753	0.056705608481827395
0.20374895006806987	0.051981930557951445	Streptococcus salivarius [ref_mOTU_v2_0656]	0.04851356466843828	0.08504160514700282
0.39091665617079774	-0.006977841775944687	Streptococcus sanguinis [ref_mOTU_v2_0278]	0.9553900620613546	4.997644533687226e-4
0.1463233000812329	0.027974959086796883	Streptococcus sanguinis [ref_mOTU_v2_0279]	0.04323819648395288	0.04500622881638321
0.25521319400660125	0.013963738487806845	Streptococcus sanguinis [ref_mOTU_v2_5117]	0.18110710706037036	0.019942863224829344
0.010362371795329568	0.06596077520080555	Streptococcus sp. 2_1_36FAA [ref_mOTU_v2_1399]	0.0014138698307707982	0.08667877794033996
0.3768976554038641	0.014196738333885968	Streptococcus sp. F0442 [ref_mOTU_v2_5298]	0.24546383600675994	0.02063241133250109
0.2465892093459111	0.012411942470760726	Streptococcus sp. HPH0090 [ref_mOTU_v2_2507]	0.007900999868441816	0.03150281186277262
0.016566552898258303	0.07383407120100793	Streptococcus sp. HSISM1 [ref_mOTU_v2_0145]	0.00757368336436342	0.08754971615871508
0.6057109064654922	0.00579237203100301	Streptococcus sp. M334 [ref_mOTU_v2_4515]	0.1507107607867099	0.019461578744897574
0.06494780079242732	0.024471199083407225	Streptococcus sp. SK140 [ref_mOTU_v2_1746]	0.026870066807720513	0.03511562004656404
0.4688142403689112	-0.041766658674911986	Streptococcus sp. [ref_mOTU_v2_0261]	0.3606989271804082	-0.05624391001031598
0.0467803083538365	0.054663138482138836	Streptococcus sp. [ref_mOTU_v2_0416]	0.04783614268869345	0.06484280919686279
0.0426757745631541	0.047780171044228915	Streptococcus sp. [ref_mOTU_v2_0650]	0.0032038157176722793	0.07928409185193823
0.6404081574949974	0.026178614067834335	Streptococcus thermophilus [ref_mOTU_v2_0219]	0.3447328028755615	-0.058705726538423805
0.0027089026520067078	0.12632864350101056	Streptococcus vestibularis [ref_mOTU_v2_0198]	7.304381024157033e-4	0.13415117577930852
0.47496615680652554	-0.05164140248339218	Subdoligranulum sp. 4_3_54A2FAA [ref_mOTU_v2_4738]	0.051047261994108147	-0.15615948911096336
0.0543252481207178	-0.08038880487613398	Sutterella sp. CAG:351 [meta_mOTU_v2_7305]	0.17100662293317478	-0.0664636499681147
0.13974963085439215	-0.05342325391579111	Sutterella sp. CAG:351 [meta_mOTU_v2_7614]	0.3896354533981682	-0.03575971899738623
0.5615443938021334	0.037737626003445164	Sutterella wadsworthensis [ref_mOTU_v2_0767]	0.7291735409833997	0.025768491919440795
0.9306454107265347	-0.004546950893076973	Sutterella wadsworthensis [ref_mOTU_v2_4889]	0.5854496192037703	-0.03436475734530221
0.028346060762188784	-0.030432641325943876	Turicibacter sanguinis [ref_mOTU_v2_1493]	4.957367828906877e-4	-0.04827799419507976
0.007884964904045952	0.15872253071131526	Tyzzerella nexilis [ref_mOTU_v2_4366]	0.7698184381952198	0.016636797769892516
0.0209818843654166	0.1360490294097299	Veillonella atypica [ref_mOTU_v2_0561]	3.1786664458286905e-4	0.24232975446379199
0.007503019909578483	0.1373207000881559	Veillonella dispar [ref_mOTU_v2_4469]	1.3535166227581958e-4	0.23824071405800332
5.059950245144321e-8	0.4483688418076754	Veillonella parvula [ref_mOTU_v2_1042]	3.538184019669335e-8	0.4972682799704879
0.030206906490157066	0.08765148430858218	Veillonella sp. [ref_mOTU_v2_5068]	0.0013372059371646618	0.15860644486041187
0.27077939660449823	-0.019854076036461037	Weissella confusa [ref_mOTU_v2_2240]	0.1265509520166923	-0.032944900956867786
9.917697518994687e-4	-0.13394323421722526	bacterium LF-3 [ref_mOTU_v2_3608]	0.00974798176160669	-0.1300163227160091
1.6502264003773065e-4	-0.1805219297683134	butyrate-producing bacterium SS3/4 [ref_mOTU_v2_3825]	0.0029042968530365878	-0.16697319855061815
0.030743435539700596	-0.07115536430572864	cand. Alistipes marseilloanorexicus [ref_mOTU_v2_2553]	0.02763748145957756	-0.08165481212051284
0.008700710246728924	-0.03182504402149356	cand. Stoquefichus massiliensis [ref_mOTU_v2_2558]	0.002381556309146121	-0.04454694562560852
7.83432860608387e-4	-0.10248993693660953	uncultured Clostridium sp. [meta_mOTU_v2_6381]	0.016421705318907683	-0.09065270346807268
5.541961263477895e-4	-0.07668797108535594	uncultured Eubacterium sp. [meta_mOTU_v2_5477]	1.0975468573619293e-4	-0.08282805103374721
0.8258163024218004	-0.012492258793583703	unknown Akkermansia [meta_mOTU_v2_6276]	0.3345497612424453	-0.05909771987934578
0.16966495749613475	0.07209359826957874	unknown Akkermansia [meta_mOTU_v2_7059]	0.03160032254513	0.1364677756500957
0.8923911446274364	-0.003468587343638731	unknown Alistipes [meta_mOTU_v2_6070]	0.39315217900918653	-0.024423256123827373
0.13463915654669686	-0.037181256458119524	unknown Alistipes [meta_mOTU_v2_6305]	0.21464467636387843	-0.038646586163914455
0.5628463853963277	-0.019203377452059137	unknown Anaeromassilibacillus [meta_mOTU_v2_5357]	0.06956793985644158	-0.04891800244742586
0.8942996021478771	0.0023339430074984496	unknown Anaeromassilibacillus [meta_mOTU_v2_5656]	0.8205219294370006	-0.004074223878358622
0.25154815015411675	-0.02138037929932593	unknown Atopobiaceae [meta_mOTU_v2_6622]	0.3565387558769352	-0.02158606698468108
0.19533943123031022	-0.026644046408980524	unknown Bacilli [meta_mOTU_v2_5934]	0.024732273927626582	-0.041309967310946945
0.010283767030818717	-0.10345059390263116	unknown Bacteroidales [meta_mOTU_v2_5329]	0.01871710819350324	-0.11375107667857484
0.09578280885926649	-0.08114617015152586	unknown Bacteroidales [meta_mOTU_v2_5520]	0.05163694449097678	-0.10603698402435889
0.8855812515225108	-0.00352114449357475	unknown Bacteroidales [meta_mOTU_v2_7313]	0.9993598852965582	2.358270389256523e-5
0.3610485159620199	0.041739422816572586	unknown Burkholderiales [meta_mOTU_v2_7434]	0.12597734480713607	0.08482811042368354
2.4268612537864675e-6	-0.18880255864423734	unknown Butyricicoccus [meta_mOTU_v2_5437]	2.2912258252646075e-5	-0.1976577878961673
0.0019517167198982467	-0.07582916346502576	unknown Butyricicoccus [meta_mOTU_v2_5800]	0.023588773718387405	-0.06778366186350623
0.005392440558526043	-0.10742389163352345	unknown Clostridiales [meta_mOTU_v2_5339]	0.002324023882097931	-0.1324474039845061
0.038743257788097396	-0.03353751152333427	unknown Clostridiales [meta_mOTU_v2_5341]	0.1708324802576003	-0.027621536041267623
0.019285734265377545	-0.06244050814263987	unknown Clostridiales [meta_mOTU_v2_5347]	0.037195370676080586	-0.06941026355176746
8.110738372688348e-6	-0.21283984540805004	unknown Clostridiales [meta_mOTU_v2_5396]	3.306309633710535e-5	-0.23251697883719208
0.019787216533213203	-0.099468038623142	unknown Clostridiales [meta_mOTU_v2_5411]	0.034752442921766026	-0.10633161875966018
7.77078552219347e-4	-0.09880943707850155	unknown Clostridiales [meta_mOTU_v2_5412]	0.011031824115306996	-0.09104790944366482
9.034704797780154e-4	-0.11571481358306969	unknown Clostridiales [meta_mOTU_v2_5466]	7.976534558790505e-4	-0.14502239136307365
6.616859585529244e-4	-0.12467009053853809	unknown Clostridiales [meta_mOTU_v2_5513]	0.007940414109823254	-0.11662271522819971
0.0020287669778481197	-0.06593012646319049	unknown Clostridiales [meta_mOTU_v2_5517]	5.982934665726803e-4	-0.0803021578821661
1.9265271900182575e-5	-0.21255368904977606	unknown Clostridiales [meta_mOTU_v2_5540]	7.127821202711639e-4	-0.20672720380022022
6.390441252335063e-5	-0.07134673304925353	unknown Clostridiales [meta_mOTU_v2_5603]	0.0012245926631594003	-0.06946306984469809
0.011049895139883775	-0.06867565664874736	unknown Clostridiales [meta_mOTU_v2_5641]	0.003647885965444574	-0.09041660013096867
5.366883401975745e-8	-0.40026135973341825	unknown Clostridiales [meta_mOTU_v2_5669]	5.91632590249636e-5	-0.3597815617160255
7.316408693518768e-7	-0.1794078782116334	unknown Clostridiales [meta_mOTU_v2_5712]	2.442049376207019e-5	-0.1841118469675943
0.021402817640556137	-0.06238765993576171	unknown Clostridiales [meta_mOTU_v2_5735]	0.004458321819249109	-0.08503767314516929
0.03289096198776702	-0.056234459606966665	unknown Clostridiales [meta_mOTU_v2_5741]	0.009095825588316741	-0.0722502914895234
0.008538436322500315	-0.08383396543636304	unknown Clostridiales [meta_mOTU_v2_5783]	0.020949397575190713	-0.08902301178807936
5.337696937577056e-6	-0.20814901588710732	unknown Clostridiales [meta_mOTU_v2_5805]	6.269275936571082e-5	-0.2076807029616894
4.0977054995706616e-4	-0.09480145740451405	unknown Clostridiales [meta_mOTU_v2_5826]	0.0013069018475121092	-0.08990694128721484
6.05451636550535e-5	-0.19407999369437007	unknown Clostridiales [meta_mOTU_v2_5849]	0.00287028411379151	-0.17872397800433792
0.06254379813625177	-0.03780331091565152	unknown Clostridiales [meta_mOTU_v2_5880]	0.13534280160583148	-0.03659687654635866
3.230054516555112e-4	-0.16305648928403485	unknown Clostridiales [meta_mOTU_v2_5959]	0.008265003410374533	-0.14835869136303398
2.3343175994777303e-7	-0.2921117500273368	unknown Clostridiales [meta_mOTU_v2_5978]	9.53662743099713e-6	-0.30797823330576973
1.3152303866468005e-4	-0.15340224144158643	unknown Clostridiales [meta_mOTU_v2_5991]	0.004144137472135822	-0.14128473559814445
0.03991713391235356	-0.04651536274954995	unknown Clostridiales [meta_mOTU_v2_6009]	0.08326264741418209	-0.0487296863945402
0.004544193941925589	-0.04348840454280021	unknown Clostridiales [meta_mOTU_v2_6013]	0.016676323661275673	-0.04486139252790773
0.9265303780061525	0.0025992578399114865	unknown Clostridiales [meta_mOTU_v2_6028]	0.9120804892426974	0.0035474618868961585
0.04600139466274318	-0.05493142953704615	unknown Clostridiales [meta_mOTU_v2_6036]	0.013397102652042064	-0.0810121277544792
0.06254478402009675	-0.04956867352193313	unknown Clostridiales [meta_mOTU_v2_6044]	0.25496976566755686	-0.0373680474727423
0.007390193326889398	-0.076089364802068	unknown Clostridiales [meta_mOTU_v2_6049]	0.058840907863748765	-0.06319702685157315
0.01344978248720538	-0.02951617260197839	unknown Clostridiales [meta_mOTU_v2_6072]	0.0522931693742204	-0.027693238785245575
0.10622007814745671	-0.02062548744712892	unknown Clostridiales [meta_mOTU_v2_6073]	0.01122600146572428	-0.04050538481963664
3.46858324813488e-5	-0.18956096228760663	unknown Clostridiales [meta_mOTU_v2_6088]	3.666668401957163e-4	-0.18824898199675108
0.6162192315423103	0.019381975641164968	unknown Clostridiales [meta_mOTU_v2_6105]	0.6518738732464666	0.017695236772674115
0.002554602678580868	-0.09369287305128864	unknown Clostridiales [meta_mOTU_v2_6190]	0.0030381150809066933	-0.09523176847386713
0.0373726477634617	-0.05794006901306678	unknown Clostridiales [meta_mOTU_v2_6197]	0.04102450615345417	-0.06723664239617429
0.019905507893278884	-0.0732896681675859	unknown Clostridiales [meta_mOTU_v2_6249]	0.005883853048492429	-0.09885052800203546
9.30024763506755e-4	-0.22360665568822094	unknown Clostridiales [meta_mOTU_v2_6272]	0.0034484478680875943	-0.21649570940932955
0.5276479831431431	-0.011358351859538882	unknown Clostridiales [meta_mOTU_v2_6281]	0.7799961501846667	-0.006190065200569747
0.0017845423922172535	-0.15067842930598932	unknown Clostridiales [meta_mOTU_v2_6348]	0.00592951733611887	-0.15988425383489765
0.011681907720340008	-0.05602692297128919	unknown Clostridiales [meta_mOTU_v2_6371]	0.0051213844434960685	-0.07349557395415104
3.694886696937175e-5	-0.1945632653200964	unknown Clostridiales [meta_mOTU_v2_6419]	1.694700823506406e-5	-0.24363624266380463
0.2404604832078724	-0.021628769547726127	unknown Clostridiales [meta_mOTU_v2_6525]	0.1380867236756191	-0.026756337723911554
0.04400903466933284	-0.04853420784862731	unknown Clostridiales [meta_mOTU_v2_6548]	0.0450153186746298	-0.05959571165821575
0.02408417909665626	-0.1091903552962067	unknown Clostridiales [meta_mOTU_v2_6561]	0.00805412601542469	-0.14713790421744027
0.00882732649053402	-0.06317185695258556	unknown Clostridiales [meta_mOTU_v2_6585]	0.029077724378667985	-0.06517398772144796
2.2214416912566523e-5	-0.2063944130807624	unknown Clostridiales [meta_mOTU_v2_6602]	7.483142326817594e-5	-0.22525633735302955
0.11720002277219913	-0.07507420415732792	unknown Clostridiales [meta_mOTU_v2_6629]	0.01795242497355896	-0.13626118186688393
0.007480712811738111	-0.10420873064883011	unknown Clostridiales [meta_mOTU_v2_6632]	0.046254328621266015	-0.09680172903284741
2.5194892252779785e-4	0.20280810407717637	unknown Clostridiales [meta_mOTU_v2_6672]	0.04365507235864536	0.11251865228976062
0.00118123365602728	-0.12685193000168307	unknown Clostridiales [meta_mOTU_v2_6699]	1.2490932267923653e-4	-0.16640334644864357
0.0014956583590773013	-0.08739363580381576	unknown Clostridiales [meta_mOTU_v2_6700]	0.025914689500047737	-0.07615824351422332
0.06191175192356347	-0.10056124611177518	unknown Clostridiales [meta_mOTU_v2_6721]	0.26763922248394145	-0.07500767664969653
0.692347338232447	-0.006431969982618101	unknown Clostridiales [meta_mOTU_v2_6751]	0.5933917934445971	0.010557305278448625
0.007907357652753307	-0.07784542541493497	unknown Clostridiales [meta_mOTU_v2_6760]	0.05256954182257612	-0.06858509565011474
0.7131245707226421	0.010364763580905212	unknown Clostridiales [meta_mOTU_v2_6777]	0.923198854706566	-0.003059480886044165
0.05794030630606832	-0.07438930303609087	unknown Clostridiales [meta_mOTU_v2_6787]	0.04951187016381473	-0.0869152476971514
4.099022013202968e-6	-0.32320891478169494	unknown Clostridiales [meta_mOTU_v2_6795]	9.784879913658671e-4	-0.2824507894574489
5.755550424024922e-4	-0.18177778558681543	unknown Clostridiales [meta_mOTU_v2_6801]	0.0021632760993490823	-0.19363527738224884
3.3964301800942884e-4	-0.06998897263976031	unknown Clostridiales [meta_mOTU_v2_6807]	0.0023760487489637694	-0.07231872716825681
0.497282350630195	-0.026958974718198633	unknown Clostridiales [meta_mOTU_v2_6808]	0.48306552569539574	0.03370584881356037
0.0015676145691682277	-0.11763758823002235	unknown Clostridiales [meta_mOTU_v2_6819]	0.03578632629705306	-0.09125256289644251
0.1371982979451838	-0.023799664078052986	unknown Clostridiales [meta_mOTU_v2_6823]	0.17828193349771373	-0.02453622325798003
8.226813177299882e-6	-0.23710526160892026	unknown Clostridiales [meta_mOTU_v2_6832]	2.6383342475531612e-5	-0.26405537149548153
0.012482104715208216	-0.09645330748770756	unknown Clostridiales [meta_mOTU_v2_6834]	0.05845981131607539	-0.09049587940142031
0.06336974989650283	-0.047137790766078616	unknown Clostridiales [meta_mOTU_v2_6852]	0.2728685236850996	-0.03490182895547912
0.03495799371768361	-0.03966043064166565	unknown Clostridiales [meta_mOTU_v2_6856]	0.0032858506897167584	-0.046362969945223244
0.7172609530852012	-0.010489912706717718	unknown Clostridiales [meta_mOTU_v2_6891]	0.027826367879055687	-0.04905091206387137
0.013020842697793054	-0.125276512409843	unknown Clostridiales [meta_mOTU_v2_6916]	0.02424409879191796	-0.138588734919513
0.3064656727026955	-0.017707096034575386	unknown Clostridiales [meta_mOTU_v2_6926]	0.9404238090628656	-0.0015576833864921142
0.0035065571153903878	-0.09209936636123925	unknown Clostridiales [meta_mOTU_v2_7014]	0.06571972186728371	-0.07139352110896377
0.011672968551797471	-0.06551719293921267	unknown Clostridiales [meta_mOTU_v2_7018]	0.10351782251524748	-0.052379840728927575
6.860269923882253e-4	-0.12166232072924499	unknown Clostridiales [meta_mOTU_v2_7031]	0.017627079403411197	-0.10298636132288273
0.01600556007705026	-0.06141730717712247	unknown Clostridiales [meta_mOTU_v2_7061]	0.1504790334069925	-0.045499583902827566
0.006022955437043025	-0.07298804234969038	unknown Clostridiales [meta_mOTU_v2_7076]	0.04623816620126609	-0.0651145800263947
4.864439584524281e-5	-0.20254480230108945	unknown Clostridiales [meta_mOTU_v2_7093]	9.208687543380367e-5	-0.21799214770658545
0.0037480947077213477	-0.09653045648022715	unknown Clostridiales [meta_mOTU_v2_7097]	0.0025126013674729693	-0.11772207602922281
0.7061985546255166	0.016088433203834636	unknown Clostridiales [meta_mOTU_v2_7104]	0.3586159021668829	-0.04000862149811273
1.128851703944725e-6	-0.30221802625543454	unknown Clostridiales [meta_mOTU_v2_7130]	4.7853864120910715e-6	-0.3380916044731416
0.2001442709765318	-0.042340331399312946	unknown Clostridiales [meta_mOTU_v2_7138]	0.8596632819372703	-0.0070482975222617185
4.7606310960178544e-5	-0.09686182445620911	unknown Clostridiales [meta_mOTU_v2_7157]	0.0022095735909152805	-0.08830434137957968
0.009347175632617274	-0.10185586249465821	unknown Clostridiales [meta_mOTU_v2_7158]	0.06871608453864675	-0.07841576534033946
1.4682777202855603e-4	-0.22790865792340376	unknown Clostridiales [meta_mOTU_v2_7180]	0.004587058727507579	-0.2070141066467752
0.016340166238975325	-0.05420055727895178	unknown Clostridiales [meta_mOTU_v2_7186]	0.12429267299763615	-0.04314277302796283
0.06165885775234123	-0.045155312867476705	unknown Clostridiales [meta_mOTU_v2_7281]	0.02286826368639968	-0.06307729429509526
0.1317538276687796	-0.030073685151550268	unknown Clostridiales [meta_mOTU_v2_7306]	0.24805936635616835	-0.028733958914742175
4.4569123452285335e-4	-0.10512899462149379	unknown Clostridiales [meta_mOTU_v2_7317]	0.005197903087489181	-0.09929288945249053
0.0031287368793061596	-0.07705413360929812	unknown Clostridiales [meta_mOTU_v2_7337]	0.006405957779941812	-0.08439909954091379
0.03483374260658677	-0.14871421179187636	unknown Clostridiales [meta_mOTU_v2_7355]	0.01706775005503214	-0.19592053706909912
0.22742159543136614	-0.02131587733991048	unknown Clostridiales [meta_mOTU_v2_7359]	0.38703523885384217	-0.01914962324244365
1.9206763234494447e-5	-0.057376896203556835	unknown Clostridiales [meta_mOTU_v2_7415]	0.0010250493069364807	-0.05420938408743854
0.1791103217912648	0.03554241298070961	unknown Clostridiales [meta_mOTU_v2_7430]	0.28213861168482235	0.03279557520524972
0.4433289563192867	-0.03588895618550114	unknown Clostridiales [meta_mOTU_v2_7440]	0.42030194618399774	-0.04425886614799135
0.022098163007902016	-0.05953743778064783	unknown Clostridiales [meta_mOTU_v2_7455]	0.038226724932325484	-0.05987393452257472
0.2995734437148805	-0.011605594433087663	unknown Clostridiales [meta_mOTU_v2_7491]	0.1220130416527247	-0.019549773814545687
7.24956759332242e-5	-0.10314166498203223	unknown Clostridiales [meta_mOTU_v2_7531]	1.1304835614108179e-4	-0.12624688427276431
0.005181838763296743	-0.12229279949428513	unknown Clostridiales [meta_mOTU_v2_7546]	0.1238451173114169	-0.08330528028313267
0.013444048162306732	-0.0436713944900817	unknown Clostridiales [meta_mOTU_v2_7550]	0.021563952313798762	-0.05089227511990177
0.09865724431185244	-0.09254022371841575	unknown Clostridiales [meta_mOTU_v2_7553]	0.013777230341691957	-0.1604123676821994
0.2863444116960794	-0.03029709279129067	unknown Clostridiales [meta_mOTU_v2_7620]	0.8050933120362735	-0.00853633397657716
0.004515626646423552	-0.08929535317655113	unknown Clostridiales [meta_mOTU_v2_7643]	0.022602369281466556	-0.08196448119343423
0.3822731551029611	-0.02271613089811601	unknown Clostridiales [meta_mOTU_v2_7702]	0.07837203037170273	-0.052416461914893596
5.21013019117301e-5	-0.13853467847129933	unknown Clostridiales [meta_mOTU_v2_7717]	0.0019822927968086834	-0.13050454606111805
0.2092311467740942	-0.04497878528797801	unknown Clostridiales [meta_mOTU_v2_7769]	0.4032031850638178	-0.03673569484343365
1.5965577406281195e-5	-0.11624202133091163	unknown Clostridiales [meta_mOTU_v2_7778]	6.984044130671993e-4	-0.11350450527658486
0.008038023160124239	-0.05897269592892184	unknown Clostridiales [meta_mOTU_v2_7782]	0.04007733810884043	-0.0551522225601038
0.14171768012374103	-0.04912807242894598	unknown Clostridiales [meta_mOTU_v2_7800]	0.16707375318646664	-0.05434979343389443
0.2834523394604398	-0.039730557016844664	unknown Clostridium [meta_mOTU_v2_5331]	0.18507807217259925	-0.05662670528722762
0.6377529652039605	0.008380633859986537	unknown Clostridium [meta_mOTU_v2_5915]	0.5670327734403451	0.01252600960160058
0.34691490593227314	-0.029390263648789015	unknown Clostridium [meta_mOTU_v2_5983]	0.4425104718377164	-0.028329713229433794
0.0022303714961276356	-0.0682792799673884	unknown Clostridium [meta_mOTU_v2_6741]	0.0028718096722552453	-0.08089040098649782
1.8721434500360166e-5	-0.19727977687612858	unknown Clostridium [meta_mOTU_v2_6792]	1.389196941608712e-4	-0.21001904062816282
0.006296280518398875	-0.13030241542091556	unknown Clostridium [meta_mOTU_v2_6883]	0.19565317395762055	-0.07637853591428115
0.010535355776579968	-0.07970058329135567	unknown Clostridium [meta_mOTU_v2_7253]	0.03344499267293547	-0.08167639594017924
0.22422061286688275	-0.04413872179982732	unknown Clostridium [meta_mOTU_v2_7530]	0.48367082882940793	-0.03166923214736396
0.08972195573494852	-0.07713185323506916	unknown Coprococcus [meta_mOTU_v2_5379]	0.27678701971352665	-0.06200559881652974
0.7390677688034047	-0.009793551578782927	unknown Dialister [meta_mOTU_v2_5337]	0.10256768683920608	-0.045606905895020075
0.6861315255951793	-0.013818298124141102	unknown Dialister [meta_mOTU_v2_5867]	0.7400732245664945	-0.013856057621142562
0.6217134433393025	-0.028703835754814038	unknown Dialister [meta_mOTU_v2_7085]	0.4888150566839501	-0.04872128619434226
0.03317538572402237	-0.04081010049005326	unknown Eggerthella [meta_mOTU_v2_7082]	0.11938683051670791	-0.03582680296726656
7.179733296353572e-4	-0.05885317447093232	unknown Eubacterium [meta_mOTU_v2_5463]	0.0050876332703611886	-0.060989296807293564
0.09243568027623275	-0.06387018375239008	unknown Eubacterium [meta_mOTU_v2_6509]	0.4671260855416831	-0.03445733865202263
8.194596436897855e-6	-0.15606584659218767	unknown Eubacterium [meta_mOTU_v2_6657]	8.425464976865469e-5	-0.1622876786584806
0.0017256837048875864	-0.134410647678	unknown Faecalibacterium [meta_mOTU_v2_5779]	0.10162566749096115	-0.08574775293371695
1.2205921759445946e-4	-0.21144140192219837	unknown Faecalibacterium [meta_mOTU_v2_5815]	0.036195135737169676	-0.13753267822252097
0.0013964050058984051	-0.12445910861596896	unknown Faecalibacterium [meta_mOTU_v2_6452]	0.00557529694056338	-0.1326689493197921
9.87072286912682e-7	-0.24333278321361573	unknown Faecalibacterium [meta_mOTU_v2_6631]	0.002103540249118679	-0.18475443696389499
0.02801832653129435	-0.09007698954714323	unknown Faecalibacterium [meta_mOTU_v2_7718]	0.22477253442536738	-0.06162092644043145
4.257829125556976e-5	-0.25675938973111945	unknown Firmicutes [meta_mOTU_v2_6091]	3.718511162075897e-4	-0.259915603114459
0.24073358163532338	-0.04091470621726791	unknown Firmicutes [meta_mOTU_v2_6303]	0.9820136394502657	9.692753259327755e-4
0.0010620166060603421	-0.06074849014175644	unknown Firmicutes [meta_mOTU_v2_7361]	0.006845765957471201	-0.06101305474794669
0.3426596096027382	0.010184391650814568	unknown Firmicutes [meta_mOTU_v2_7689]	0.9841589186940076	-2.0981195498145493e-4
0.02102280308050479	-0.0870824475497075	unknown Firmicutes [meta_mOTU_v2_7746]	0.024288280422831234	-0.10595499903801991
0.008455891855726538	0.05125730792664188	unknown Lachnospiraceae [meta_mOTU_v2_6615]	0.0055690047521862246	0.058724791451647024
2.532204799690826e-4	-0.25598980537557836	unknown Lachnospiraceae [meta_mOTU_v2_6937]	1.2883949788011848e-4	-0.2858184560396834
0.41955584377247745	0.01921055497038753	unknown Lactobacillales [meta_mOTU_v2_6288]	0.22108855633171262	0.03426353325846514
0.14498579637242365	0.02597484567206451	unknown Lactobacillus [meta_mOTU_v2_7023]	0.35963142502562984	0.016863762755020276
0.015602224805371524	-0.05005347909508645	unknown Massiliomicrobiota [meta_mOTU_v2_7010]	0.013167191613002774	-0.06221954537285186
0.5913565292856728	0.009350434016522418	unknown Mogibacterium [meta_mOTU_v2_7750]	0.4682631300934079	0.011145931548544395
4.874793884010971e-4	-0.2149455195829024	unknown Oscillibacter [meta_mOTU_v2_5944]	0.008871586319761898	-0.19378524357340524
0.014177912959851649	-0.05155312476033706	unknown Oscillibacter [meta_mOTU_v2_6438]	0.016982959059016967	-0.05981513508289041
1.6067763131533108e-5	0.09159599153084276	unknown Pasteurellaceae [meta_mOTU_v2_6543]	7.934166920745942e-6	0.11034779373824934
0.08035736711669902	0.05828019325730032	unknown Pasteurellaceae [meta_mOTU_v2_6865]	0.03270116326547372	0.08444449791277696
0.03379637150178773	0.058077078427734935	unknown Pasteurellaceae [meta_mOTU_v2_7650]	0.0018428765324089232	0.10295626282385865
0.9875941416126706	1.8342261151664576e-4	unknown Peptostreptococcaceae [meta_mOTU_v2_6922]	0.6381783111431466	-0.005846228440489127
0.006184720779127235	-0.10016664775097667	unknown Peptostreptococcaceae [meta_mOTU_v2_7331]	8.536378206794822e-5	-0.15485411191923043
0.16261665193552616	-0.0549145285343407	unknown Porphyromonas [meta_mOTU_v2_5431]	0.16003103677049477	-0.06745425150296314
0.3280430315938182	-0.04640338967638466	unknown Porphyromonas [meta_mOTU_v2_6490]	0.2814517055813548	-0.062169745609363156
0.24196619407155479	-0.05469747651692884	unknown Porphyromonas [meta_mOTU_v2_7656]	0.19915158415919174	-0.07279645395823793
4.957183155824342e-4	-0.3301994630097437	unknown Prevotella [meta_mOTU_v2_5555]	0.11891231050595923	-0.17280665016814395
0.14563400354573725	-0.09628649304738118	unknown Prevotella [meta_mOTU_v2_6387]	0.9621367143974503	0.0038683074120441333
8.724667816624085e-4	-0.20589030038396033	unknown Prevotella [meta_mOTU_v2_6399]	0.03497129485118141	-0.1613656102666618
0.0028855714340007676	-0.05931192454335321	unknown Pseudoflavonifractor [meta_mOTU_v2_6108]	0.007182639762394718	-0.064135228977765
0.027584505846164915	-0.20342262509252051	unknown Roseburia [meta_mOTU_v2_5354]	0.2529001831895002	-0.12223198985012894
0.23754053732515576	-0.04167440567529147	unknown Roseburia [meta_mOTU_v2_7567]	0.7003363877390103	-0.01232956479168395
0.11563060167544512	-0.04924520990255655	unknown Ruminococcaceae [meta_mOTU_v2_5330]	0.4284274533202179	-0.030219972845531413
0.00918077547468635	-0.14657823878666373	unknown Ruminococcaceae [meta_mOTU_v2_6174]	0.09785700017427695	-0.11540662516904433
0.007951549689147037	-0.10841056761972764	unknown Ruminococcaceae [meta_mOTU_v2_6478]	0.21179417962845662	-0.06191626017566705
8.97707484305848e-9	-0.3859545899692329	unknown Ruminococcaceae [meta_mOTU_v2_6557]	8.433808051221221e-6	-0.3636954235337923
0.01337282311513963	-0.061629552415287385	unknown Ruminococcaceae [meta_mOTU_v2_6652]	0.0292879572996813	-0.06638290957463941
0.0012607777503755376	-0.08050718097783557	unknown Ruminococcaceae [meta_mOTU_v2_6850]	0.011577208521004903	-0.0766234175535679
1.1674995619212997e-9	-0.448784142493938	unknown Ruminococcaceae [meta_mOTU_v2_6905]	1.7043367769182745e-5	-0.3808849752596546
0.34318627404139157	-0.01821538143599319	unknown Ruminococcaceae [meta_mOTU_v2_7401]	0.21382645035631448	-0.02883798337521567
0.09666822144593559	-0.05062657351037286	unknown Ruminococcaceae [meta_mOTU_v2_7593]	0.23168531533798553	-0.041944393249101895
0.001379019648595845	-0.08711976606328309	unknown Ruminococcaceae [meta_mOTU_v2_7652]	0.002452118808456236	-0.10371649417036981
0.07233643509791259	-0.04898003548992208	unknown Ruminococcus [meta_mOTU_v2_5392]	0.08015288087134638	-0.06021455241891518
0.4819296192968435	0.01846770128480911	unknown Selenomonadales [meta_mOTU_v2_5674]	0.3190700975571593	0.02934381504513631
0.9089738301684915	0.004418675754806869	unknown Streptococcus [meta_mOTU_v2_5642]	0.4224554038644236	0.03438195714560902
0.2381711280512293	0.03903107015611939	unknown Sutterella [meta_mOTU_v2_5677]	0.09175849781544511	0.06620167116064313
0.5242177332128712	-0.021624942092062845	unknown Sutterellaceae [meta_mOTU_v2_5393]	0.17674810996860107	-0.04392533072857549
0.8360649033438018	0.00563386892312868	unknown Sutterellaceae [meta_mOTU_v2_7053]	0.5227924416790495	-0.014759222535991968
0.0027840553111167766	-0.11055715874401512	unknown Tyzzerella [meta_mOTU_v2_5947]	0.07097554101827022	-0.08069413336811021
0.8742628491173212	0.009749993794858504	unknown Tyzzerella [meta_mOTU_v2_7425]	0.31888184121001156	-0.06023243605833371
0.5756476426070254	0.009493456452540952	unknown Veillonella [meta_mOTU_v2_5607]	0.21174691045138297	0.026041528334757813
0.010366853582835586	0.14419937682494105	unknown Veillonella [meta_mOTU_v2_5811]	7.553399726457228e-5	0.24378420404096243
0.018558973249610117	0.03218638607795965	unknown cellular organisms [meta_mOTU_v2_6934]	0.021715948168540784	0.0322180890579832
