p.val	effect.size	species	p.adj
0.010788276473290954	0.06406870883108691	Abiotrophia defectiva [ref_mOTU_v2_4595]	0.02031966636716937
0.003884349220134981	0.2737649631126658	Acidaminococcus intestini [ref_mOTU_v2_0391]	0.008146635121147959
0.5171186790757614	-0.01983048534513299	Actinobaculum sp. [ref_mOTU_v2_2618]	0.5971489508374863
0.1554506405189543	-0.041347230814115316	Actinomyces dentalis [ref_mOTU_v2_1838]	0.22297541043014515
0.9433012818023461	0.001305132189537286	Actinomyces georgiae [ref_mOTU_v2_0443]	0.9613234271245755
0.30396540033697855	-0.041791466535441586	Actinomyces graevenitzii [ref_mOTU_v2_1056]	0.3879558399037753
0.03762161999345613	0.03293326421402377	Actinomyces israelii [ref_mOTU_v2_1839]	0.06332836684364851
0.21627077538911554	-0.026937302290262817	Actinomyces johnsonii [ref_mOTU_v2_1057]	0.29703738354328085
0.05781208321353227	-0.03722970341719603	Actinomyces massiliensis [ref_mOTU_v2_0548]	0.09385392588640386
0.39800536113297547	0.02737653319879593	Actinomyces naeslundii [ref_mOTU_v2_1808]	0.4879181046432685
0.4550005284614792	0.03652840460582573	Actinomyces odontolyticus [ref_mOTU_v2_0375]	0.5374131051538932
0.0771150811392511	0.0801496899271907	Actinomyces sp. HPA0247 [ref_mOTU_v2_2506]	0.12089152113951285
0.8116770519486505	-0.011388592250323279	Actinomyces sp. ICM39 [ref_mOTU_v2_0376]	0.8640073968616636
0.2675807082413184	-0.036004719621613356	Actinomyces sp. S6-Spd3 [ref_mOTU_v2_2919]	0.3523926260984309
9.502663151259634e-4	-0.15372951971064724	Actinomyces sp. [ref_mOTU_v2_0377]	0.002268943570885377
0.00814836527530722	0.12023102195731125	Actinomyces sp. [ref_mOTU_v2_0430]	0.015887264958890458
0.19926585906118535	-0.03440623770242734	Actinomyces sp. [ref_mOTU_v2_1445]	0.27711524485928285
0.0037249392770151036	-0.07264386078956338	Actinomyces sp. [ref_mOTU_v2_4941]	0.007881451796831354
1.7272189381742164e-4	0.12255799277828963	Actinomyces sp. [ref_mOTU_v2_5105]	4.590143479531479e-4
0.5449194290426917	-0.0174908061874451	Actinomyces sp. [ref_mOTU_v2_5106]	0.6218492307898953
3.0133020172384503e-7	-0.2685575735236751	Actinomyces sp. [ref_mOTU_v2_5209]	1.2178762319672071e-6
0.8191724896021305	-0.010287774158799117	Actinomyces turicensis [ref_mOTU_v2_5086]	0.8666080867559054
0.21609364433322215	0.058558797124653804	Actinomyces viscosus [ref_mOTU_v2_1444]	0.29703738354328085
2.594359407360755e-26	-0.9623420485703854	Adlercreutzia equolifaciens [ref_mOTU_v2_3198]	5.5922858336442945e-25
0.08863734192435102	-0.21792629354564816	Akkermansia muciniphila [ref_mOTU_v2_1301]	0.13674468654730892
9.206478594599446e-5	-0.4305619623483852	Alistipes finegoldii [ref_mOTU_v2_1481]	2.616933109673689e-4
0.134291549897734	-0.10977929997239062	Alistipes indistinctus [ref_mOTU_v2_4879]	0.19736788394060908
0.06914739545462582	-0.1070198716346502	Alistipes inops [ref_mOTU_v2_3597]	0.10995569441145418
2.965380387401231e-8	-0.4599890979956912	Alistipes obesi [ref_mOTU_v2_1825]	1.3779252578582965e-7
0.008552742537245743	-0.32076672448880744	Alistipes onderdonkii [ref_mOTU_v2_0775]	0.016550943164345876
1.0132788981139374e-4	-0.495229099353981	Alistipes putredinis [ref_mOTU_v2_4266]	2.8697241786000563e-4
4.5239753666712866e-7	-0.38487321345869546	Alistipes senegalensis [ref_mOTU_v2_1594]	1.7730327699681406e-6
1.7141392878562888e-6	-0.4793180075896735	Alistipes shahii [ref_mOTU_v2_4873]	6.046236760802183e-6
0.5596715034077804	-0.01673595417364345	Alistipes timonensis [ref_mOTU_v2_1593]	0.6354009193283896
0.5736313485581694	0.026342698509757553	Alloscardovia omnicolens [ref_mOTU_v2_0446]	0.6470028001179353
0.6915735006968036	0.022911092257619475	Anaerococcus obesiensis/vaginalis [ref_mOTU_v2_0429]	0.7547975197478475
0.1951359078048879	0.06250910997986105	Anaerofustis stercorihominis [ref_mOTU_v2_4267]	0.27333116327904877
0.1360902374394073	0.055568151261163774	Anaeroglobus geminatus [ref_mOTU_v2_5013]	0.19925664953392463
0.008552149148317492	-0.08618029259696525	Anaeromassilibacillus sp. An200 [meta_mOTU_v2_6051]	0.016550943164345876
9.713996490424495e-6	0.33608636305568274	Anaerostipes caccae [ref_mOTU_v2_1381]	3.114901353954301e-5
7.982266386810046e-52	-1.8715990946349228	Anaerostipes hadrus [ref_mOTU_v2_1309]	2.064746238721532e-49
0.4275144507919221	0.05227432842643988	Anaerotruncus colihominis [ref_mOTU_v2_0884]	0.5143429671543125
0.12850964824093797	0.06618543942636526	Atopobium parvulum [ref_mOTU_v2_0741]	0.1899494991142245
9.270064885463168e-4	0.08249064243159313	Atopobium parvulum [ref_mOTU_v2_4404]	0.0022271115638140613
0.032507156003697045	0.05053005349130951	Atopobium rimae [ref_mOTU_v2_4485]	0.05531919530453708
0.5088077151014543	-0.0276320958524021	Atopobium vaginae [ref_mOTU_v2_1421]	0.5930997094564088
0.7483543600656786	-0.020241059762560118	Azospirillum sp. CAG:239 [meta_mOTU_v2_5386]	0.8054410310831713
0.26651563979393755	-0.14002995108752328	Bacteroidales sp. [ref_mOTU_v2_1074]	0.3517281232654686
1.1191232402049346e-4	-0.46500554626197993	Bacteroides caccae [ref_mOTU_v2_1382]	3.157962306905561e-4
0.13277949471334802	-0.13457057740102416	Bacteroides cellulosilyticus/timonensis [ref_mOTU_v2_0692]	0.1955159163141519
0.0062334466352303745	-0.1168505338704361	Bacteroides clarus [ref_mOTU_v2_4945]	0.012402960484458386
0.016485719077668874	-0.19133626288388772	Bacteroides coprocola [ref_mOTU_v2_4312]	0.029750972102955922
0.024090429115330082	-0.28645605045011957	Bacteroides dorei/vulgatus [ref_mOTU_v2_0898]	0.04229450903505915
0.2248809067957428	-0.11437171864179589	Bacteroides eggerthii [ref_mOTU_v2_1410]	0.3072316613970007
0.23395222619726436	-0.07716541434378023	Bacteroides faecis [ref_mOTU_v2_1706]	0.31738973344244253
0.0086923545646052	-0.1638022119409885	Bacteroides finegoldii [ref_mOTU_v2_1409]	0.01673763558842093
7.638101173272217e-4	0.23916387234141176	Bacteroides fragilis [ref_mOTU_v2_0286]	0.0018638888397670566
0.0048954172362070504	0.34701847450849976	Bacteroides fragilis [ref_mOTU_v2_0287]	0.010023334499463512
0.5913059613705274	-0.07058869417318459	Bacteroides fragilis/ovatus [ref_mOTU_v2_1073]	0.6650049652514917
0.02779761077808508	-0.16918442505053538	Bacteroides intestinalis [ref_mOTU_v2_4321]	0.04782685197991269
0.0033354517274532796	-0.286543758037123	Bacteroides massiliensis [ref_mOTU_v2_0455]	0.007169835292254141
0.9253228390286721	-0.006506354351232693	Bacteroides nordii [ref_mOTU_v2_0302]	0.9465629888884683
0.008128615272788877	-0.08601114334068999	Bacteroides pectinophilus [ref_mOTU_v2_4341]	0.015887264958890458
1.511136580100809e-8	-0.47980145539500596	Bacteroides plebeius [ref_mOTU_v2_4343]	7.329012413488923e-8
2.7786665274068966e-4	-0.48552152551537114	Bacteroides rodentium/uniformis [ref_mOTU_v2_0899]	7.163605399560637e-4
0.28176147146918173	-0.06959708608182026	Bacteroides salyersiae [ref_mOTU_v2_0458]	0.3662427166835595
0.20445864764984656	-0.1530995395761917	Bacteroides stercoris [ref_mOTU_v2_0275]	0.28231300814284865
0.6386808424508197	-0.06066581989722359	Bacteroides thetaiotaomicron [ref_mOTU_v2_0897]	0.7090362428352448
0.8420696589921954	0.02445365137638023	Bacteroides xylanisolvens [ref_mOTU_v2_1072]	0.8830352099701941
3.577651647621156e-6	-0.49640868004951955	Barnesiella intestinihominis [ref_mOTU_v2_4880]	1.2176568765587794e-5
2.284293894513563e-21	-1.0911994380375436	Bifidobacterium adolescentis [ref_mOTU_v2_1156]	3.408869350274086e-20
0.12125505777728265	0.10051166668967976	Bifidobacterium animalis [ref_mOTU_v2_0183]	0.18025656098691828
0.3779528146899137	0.0745676580139768	Bifidobacterium bifidum [ref_mOTU_v2_0786]	0.46628200985591894
8.93751915121945e-8	0.4093859755795387	Bifidobacterium breve [ref_mOTU_v2_0157]	3.9183699781617475e-7
9.629526592432234e-11	-0.5486177064914811	Bifidobacterium catenulatum/kashiwanohense [ref_mOTU_v2_0633]	5.837900496662042e-10
4.7920350271025775e-8	0.467911885688505	Bifidobacterium dentium [ref_mOTU_v2_0631]	2.1494908560876302e-7
1.5481419478372034e-8	-0.660897464895346	Bifidobacterium longum [ref_mOTU_v2_0150]	7.461851872805403e-8
3.073557998294201e-16	-0.8494827330752928	Bifidobacterium pseudocatenulatum [ref_mOTU_v2_0632]	3.138264482468816e-15
3.945803553429533e-8	-0.3363030850751224	Bifidobacterium ruminantium [ref_mOTU_v2_1159]	1.8011432690948925e-7
0.9963308202163137	-5.119309184944784e-4	Bilophila wadsworthia [ref_mOTU_v2_1149]	0.9979000383291605
0.016351318633001644	0.14678985865825783	Blautia hansenii [ref_mOTU_v2_1428]	0.029577210394427216
0.0025390530253762023	-0.19102361435808235	Blautia hydrogenotrophica [ref_mOTU_v2_4324]	0.005503645663943947
5.392130866388686e-34	-1.3946427376569406	Blautia obeum [ref_mOTU_v2_4202]	1.673717420927048e-32
1.4741560201972944e-38	-1.0827868078827825	Blautia obeum [ref_mOTU_v2_4719]	7.1496566979568775e-37
1.0485284928303652e-7	0.4029082684496992	Blautia producta [ref_mOTU_v2_1889]	4.541203156831059e-7
6.823022933230386e-11	0.5591620617008909	Blautia producta [ref_mOTU_v2_4020]	4.2698917711183707e-10
6.327062147739722e-32	-1.363613900980768	Blautia sp. KLE 1732 [ref_mOTU_v2_0859]	1.7535000809450087e-30
4.114340326570624e-28	-1.3797875431661124	Blautia wexlerae [ref_mOTU_v2_0466]	1.0299122881996143e-26
2.642076981536277e-4	-0.17592608344090907	Butyricicoccus sp. BB10 [meta_mOTU_v2_5734]	6.835648532250955e-4
4.8272739925619095e-4	-0.187941896854224	Butyrivibrio crossotus [ref_mOTU_v2_4383]	0.0012162222786454681
0.006298294903975307	-0.10458853521530288	Butyrivibrio sp. CAG:318 [meta_mOTU_v2_5702]	0.012499940781291147
0.04944713956035573	0.058695244886972704	Campylobacter concisus [ref_mOTU_v2_0927]	0.08181445692715575
0.011716821073919916	0.06520355426149467	Campylobacter curvus [ref_mOTU_v2_0470]	0.021961964138555206
8.61135144604514e-7	0.32550566695161004	Citrobacter amalonaticus [ref_mOTU_v2_0042]	3.2597115717712333e-6
2.6426476284475346e-4	0.18182151777190234	Citrobacter farmeri [ref_mOTU_v2_0043]	6.835648532250955e-4
0.010206316904222806	0.09273746056516478	Citrobacter koseri [ref_mOTU_v2_0041]	0.019364552365958184
1.0533718662752457e-7	0.4571720202819662	Citrobacter sp. [ref_mOTU_v2_0076]	4.541203156831059e-7
2.3333031885543e-6	0.24373197031089855	Citrobacter sp. [ref_mOTU_v2_0077]	8.119476566449043e-6
0.834702534097967	-0.011612558506977918	Clostridiales bacterium S5-A14a [meta_mOTU_v2_5486]	0.878711448915937
0.7755728823839134	0.015025081378782902	Clostridiales bacterium S5-A14a [ref_mOTU_v2_2671]	0.8324267727937992
1.8123067757933598e-7	0.2750871866887791	Clostridiales bacterium VE202-09 [ref_mOTU_v2_2688]	7.643206837041561e-7
0.11126844978587104	0.13551870809607425	Clostridiales bacterium VE202-14 [ref_mOTU_v2_2689]	0.16864124420671078
0.2798060887133519	-0.06168571719026166	Clostridiales bacterium VE202-21 [ref_mOTU_v2_2690]	0.3649235711622875
0.641612624264985	-0.021755512540153305	Clostridiales sp. [ref_mOTU_v2_0888]	0.709247003461009
9.082547738148455e-28	0.7527688008838902	Clostridioides difficile [ref_mOTU_v2_0051]	2.2025178265010004e-26
0.6913571905546274	0.028350314301036048	Clostridium asparagiforme [ref_mOTU_v2_4394]	0.7547975197478475
7.422184238294754e-8	0.584037411480207	Clostridium boltae/clostridioforme [ref_mOTU_v2_0886]	3.272508505066323e-7
0.0013999873817286998	0.08824539010342704	Clostridium butyricum [ref_mOTU_v2_0978]	0.003223709816680923
0.28807636420701294	0.02744684594916058	Clostridium celatum [ref_mOTU_v2_4460]	0.3707251386809984
0.2973124704062116	-0.0680266426643275	Clostridium citroniae [ref_mOTU_v2_4882]	0.38086166710758756
3.076953507457436e-7	0.5164118327844781	Clostridium clostridioforme [ref_mOTU_v2_0979]	1.2307814029829743e-6
2.4572169418388895e-5	0.2658591855430297	Clostridium clostridioforme [ref_mOTU_v2_0980]	7.448438854949134e-5
0.4409211519279218	0.025828116140307774	Clostridium hylemonae [ref_mOTU_v2_4491]	0.5272263602340381
1.5119354782393988e-13	0.8225801047778328	Clostridium innocuum [ref_mOTU_v2_0643]	1.23501255906713e-12
0.029888147540577153	-0.19862691994458956	Clostridium leptum [ref_mOTU_v2_4234]	0.051086349100193544
0.25660261675207935	0.03355212903819755	Clostridium methylpentosum [ref_mOTU_v2_4449]	0.34207811064510857
0.00727171979997769	0.06739967958744895	Clostridium neonatale [meta_mOTU_v2_5695]	0.014321965900463673
1.0025684857991249e-8	0.3056399860082911	Clostridium paraputrificum [ref_mOTU_v2_2890]	4.9240072467096265e-8
1.2362517329200651e-6	0.2909102528412089	Clostridium perfringens [ref_mOTU_v2_1117]	4.525147852575333e-6
7.205775835503119e-14	-0.41816473463212855	Clostridium saccharogumia [ref_mOTU_v2_0473]	6.144705547637824e-13
0.8608216502991239	-0.006610034501094838	Clostridium saccharolyticum [ref_mOTU_v2_1380]	0.900266308129542
0.015573491684730682	0.21629520443200195	Clostridium scindens [ref_mOTU_v2_0883]	0.028302176925880582
1.4529170477060285e-9	-0.2709616387163763	Clostridium sp. 27_14 [meta_mOTU_v2_5718]	7.77561123461985e-9
1.5937885789927378e-7	0.17145082030786807	Clostridium sp. 7_2_43FAA [ref_mOTU_v2_4288]	6.758360313105818e-7
9.785515234810496e-4	-0.23085454370335873	Clostridium sp. AT4 [meta_mOTU_v2_7263]	0.0023293128288996764
0.017099512840503286	-0.12588478524677335	Clostridium sp. ATCC 29733 [ref_mOTU_v2_3613]	0.030644854420855773
2.920231696869916e-12	-0.5830687700912307	Clostridium sp. CAG:127 [meta_mOTU_v2_5364]	2.0789906392395e-11
1.3081231322197288e-10	-0.4675207962799879	Clostridium sp. CAG:138 [meta_mOTU_v2_7765]	7.748882065668012e-10
8.578229913915227e-6	-0.44514969253899583	Clostridium sp. CAG:217 [meta_mOTU_v2_7451]	2.796935467730343e-5
9.024810285898945e-6	-0.2683356462491238	Clostridium sp. CAG:226 [meta_mOTU_v2_7187]	2.9302312894801596e-5
2.423212932220686e-12	-0.3800604912965844	Clostridium sp. CAG:230 [meta_mOTU_v2_7788]	1.7573955471058433e-11
0.07818227285244274	-0.11281438883563528	Clostridium sp. CAG:273 [meta_mOTU_v2_5681]	0.122071315359146
0.004653376016906872	-0.1386671880752454	Clostridium sp. CAG:288 [meta_mOTU_v2_6160]	0.009578301827903798
1.12140309657781e-9	-0.3947244621142897	Clostridium sp. CAG:302 [meta_mOTU_v2_7183]	6.171693637903408e-9
1.3803041341421293e-6	-0.32255379178526544	Clostridium sp. CAG:343 [meta_mOTU_v2_6218]	4.9588704078439455e-6
1.295271434241375e-4	-0.16829526311826548	Clostridium sp. CAG:448 [meta_mOTU_v2_7377]	3.564293024720947e-4
0.0023141364437725435	-0.10021109702150022	Clostridium sp. CAG:451 [meta_mOTU_v2_7262]	0.005058506705260546
0.0013932214260274787	-0.13879365077523262	Clostridium sp. CAG:452 [meta_mOTU_v2_7118]	0.003223709816680923
2.5386350390382486e-8	-0.33328911488744023	Clostridium sp. CAG:492 [meta_mOTU_v2_7568]	1.1867354158395669e-7
0.0018666600002284568	-0.23284782342297503	Clostridium sp. CAG:568 [meta_mOTU_v2_5729]	0.004162437241888743
7.143753827021357e-4	-0.16017844596357356	Clostridium sp. CAG:594 [meta_mOTU_v2_5501]	0.0017542889144837256
0.001813323752251627	-0.09278411285683484	Clostridium sp. CAG:628 [meta_mOTU_v2_6892]	0.004055156287456088
2.626705240713703e-7	-0.33678744292025703	Clostridium sp. CAG:798 [meta_mOTU_v2_6742]	1.0671849564365622e-6
0.07874013802316264	-0.044593776482863515	Clostridium sp. CAG:798 [meta_mOTU_v2_7020]	0.12269547611641408
0.008745790321391791	0.07048794805562669	Clostridium sp. CL-2 [ref_mOTU_v2_3582]	0.016798844775742647
0.001517498270354237	0.08432512883142088	Clostridium sp. CL-6 [ref_mOTU_v2_3581]	0.003443212449692655
0.10146408765489986	0.036018387669626735	Clostridium sp. D5 [ref_mOTU_v2_4498]	0.15468788216149765
0.4496168826375315	0.05074813485572671	Clostridium sp. JCC [ref_mOTU_v2_3353]	0.5334903683894869
0.668789061727797	0.035751575705173615	Clostridium sp. KLE 1755 [ref_mOTU_v2_0860]	0.734059847101514
5.966893399247411e-12	-0.5183761836278398	Clostridium sp. L2-50 [ref_mOTU_v2_4212]	4.1714497998342255e-11
0.9027210191283601	-0.009460235285639506	Clostridium spiroforme [ref_mOTU_v2_4235]	0.9315312644196907
1.0521550283853833e-5	0.4321149358019964	Clostridium symbiosum [ref_mOTU_v2_1475]	3.346197959127285e-5
7.130750724472803e-5	0.233085704780346	Colibacter massiliensis [meta_mOTU_v2_7460]	2.0570492796248682e-4
1.5971762225154958e-25	-1.2924225769058033	Collinsella aerofaciens [ref_mOTU_v2_1383]	3.261601970189539e-24
0.026245913110265553	-0.08417525217837082	Collinsella intestinalis [ref_mOTU_v2_4400]	0.04546167092313855
0.5325072765475574	-0.013129393374284662	Collinsella stercoris [ref_mOTU_v2_4269]	0.6112805423090304
0.017550751161469952	-0.05962297648668093	Collinsella tanakaei [ref_mOTU_v2_4884]	0.03130892620988663
0.007624127839119524	0.22959831233478706	Coprobacillus sp. [ref_mOTU_v2_1401]	0.014940210108981694
3.729247437389626e-37	-1.1787157666773111	Coprococcus catus [ref_mOTU_v2_4874]	1.4469480057071748e-35
3.305390155515566e-38	-1.4547247912788086	Coprococcus comes [ref_mOTU_v2_4313]	1.4717186479518545e-36
0.012389198082573227	-0.16220433981047722	Coprococcus eutactus [ref_mOTU_v2_4210]	0.022890518362087678
0.004071092216527495	0.21346042421260844	Coprococcus sp. [ref_mOTU_v2_0303]	0.008469618123392322
0.8384512497576281	-0.007515148787466523	Coriobacteriaceae sp. [ref_mOTU_v2_1786]	0.8804305410174823
0.1506341813426547	-0.054081004897626496	Corynebacterium durum [ref_mOTU_v2_1615]	0.21646689763314822
0.01984697686681519	0.09376766261374973	Desulfovibrio desulfuricans [ref_mOTU_v2_1954]	0.035162680476366635
0.32226044851540325	-0.050665229498042086	Desulfovibrio piger [ref_mOTU_v2_4205]	0.40728682092500473
0.07274447541754465	0.10312135948756226	Desulfovibrio sp. [ref_mOTU_v2_1394]	0.11496886542569175
0.0023109812983205464	-0.11500162254891194	Dialister invisus [meta_mOTU_v2_7291]	0.005058506705260546
0.7434322631824068	-0.033748582943822714	Dialister invisus [ref_mOTU_v2_4598]	0.8023691741718326
0.021214601253470713	-0.1553989873417074	Dialister sp. CAG:357 [meta_mOTU_v2_6815]	0.037500069641670325
4.983533619894283e-4	-0.24106060701450266	Dialister succinatiphilus [ref_mOTU_v2_4885]	0.0012515281841546809
0.486404135114617	0.03759953354712394	Dielma fastidiosa [ref_mOTU_v2_0138]	0.5684482060978054
2.517194562742431e-44	-1.4838958766266175	Dorea formicigenerans [ref_mOTU_v2_0973]	2.7904899724116094e-42
8.111815218639921e-25	-1.1115918572139694	Dorea longicatena [ref_mOTU_v2_2893]	1.463899676666181e-23
1.6775023315903548e-50	-1.6476583430573857	Dorea longicatena [ref_mOTU_v2_4203]	3.2543545232852884e-48
0.3450336565238711	0.09776320999507401	Eggerthella lenta [ref_mOTU_v2_0642]	0.4325462317649822
3.033914493598884e-7	-0.3920284227508691	Eggerthella sp. CAG:298 [meta_mOTU_v2_5975]	1.219853703125769e-6
0.002084175978900399	0.06690904497788532	Eikenella corrodens [ref_mOTU_v2_1695]	0.004581644644834871
2.1305214917003234e-5	0.133433656564455	Eikenella corrodens [ref_mOTU_v2_4470]	6.564452651548785e-5
0.005956217745205375	0.11045926551504325	Enterobacter aerogenes [ref_mOTU_v2_0120]	0.01191243549041075
0.0042227056162316996	0.09347249043125574	Enterobacter cloacae [ref_mOTU_v2_0192]	0.008761549620844382
0.06480385003226449	0.05692445069762395	Enterobacter cloacae [ref_mOTU_v2_0266]	0.10411550232926967
1.613874172233546e-4	0.2711624387792724	Enterobacter sp. [ref_mOTU_v2_0265]	4.3334476043364417e-4
0.19116000811226938	0.06659536607510066	Enterobacter sp. [ref_mOTU_v2_0267]	0.2696834489485703
2.175849651750346e-25	1.3274147837942496	Enterobacteriaceae sp. [ref_mOTU_v2_0036]	4.3293828968160725e-24
2.1022561409094816e-17	0.5965908376595843	Enterococcus avium [ref_mOTU_v2_0599]	2.2976771342897996e-16
0.003434579032181186	0.07468583600152001	Enterococcus durans [ref_mOTU_v2_0598]	0.007362523008211603
3.431859205979924e-8	0.5928676321762214	Enterococcus faecalis [ref_mOTU_v2_0116]	1.585192109428822e-7
1.768338212973369e-16	1.0552499152668429	Enterococcus faecium [ref_mOTU_v2_0372]	1.8543654773882896e-15
0.39975782756042066	0.0336980281806675	Enterococcus faecium/hirae [ref_mOTU_v2_0654]	0.4892934924083382
1.192514510260425e-8	0.30278640257515116	Enterococcus raffinosus [ref_mOTU_v2_0673]	5.820070817371634e-8
2.251733212323341e-5	0.22672737812907912	Enterococcus sp. [ref_mOTU_v2_0674]	6.852333226521226e-5
2.7002814793621297e-9	0.4017980501156064	Enterococcus sp. [ref_mOTU_v2_1043]	1.4063210926073908e-8
3.701760169440198e-14	0.8676185482486194	Erysipelotrichaceae sp. [ref_mOTU_v2_0885]	3.227602125264712e-13
0.001957009340675464	0.192619080192344	Erysipelotrichaceae sp. [ref_mOTU_v2_4724]	0.0043266075451970365
0.2199367732457486	-0.03130808305081937	Eubacterium brachy [ref_mOTU_v2_3045]	0.30100694186719734
0.42334604173849666	-0.028289486890549134	Eubacterium dolichum [ref_mOTU_v2_4236]	0.512506284538336
6.1859493804186985e-22	-0.9630852301323429	Eubacterium eligens [ref_mOTU_v2_4389]	9.600593438409819e-21
7.82845801406903e-52	-1.6204787426514835	Eubacterium hallii [ref_mOTU_v2_4207]	2.064746238721532e-49
0.12106008455611228	0.039147293315604015	Eubacterium infirmum [ref_mOTU_v2_5090]	0.18025656098691828
0.29742547714845113	0.05322729731923151	Eubacterium limosum [ref_mOTU_v2_5122]	0.38086166710758756
4.006560053537953e-28	-1.0553766636549375	Eubacterium ramulus [ref_mOTU_v2_2795]	1.0299122881996143e-26
4.053755281853951e-52	-2.030412498282424	Eubacterium rectale [ref_mOTU_v2_1416]	2.064746238721532e-49
3.851523305440479e-7	-0.4613602893828953	Eubacterium siraeum [ref_mOTU_v2_1387]	1.5248888188886793e-6
5.875389296986153e-10	-0.3573511560532334	Eubacterium sp. CAG:156 [meta_mOTU_v2_7325]	3.303842097435692e-9
1.1451108897584109e-4	-0.37615069776668647	Eubacterium sp. CAG:202 [meta_mOTU_v2_7449]	3.219587139320749e-4
1.8912550852640792e-13	-0.5190557350021338	Eubacterium sp. CAG:274 [meta_mOTU_v2_7140]	1.5287645272551309e-12
0.010599869557210527	-0.21741048696993673	Eubacterium sp. CAG:38 [meta_mOTU_v2_7668]	0.020013379017993597
1.2133187032248178e-5	-0.2412283547364291	Eubacterium sp. CAG:581 [meta_mOTU_v2_7088]	3.827379323993734e-5
0.1734147778683669	0.12205515591295106	Eubacterium sp. [ref_mOTU_v2_1395]	0.24691718830431691
0.0276151770344958	-0.07654336863375473	Eubacterium sulci [ref_mOTU_v2_5112]	0.04762083861948609
7.377789471657673e-20	-0.7642291144700035	Eubacterium ventriosum [ref_mOTU_v2_4204]	9.70366886441755e-19
8.602618764741483e-4	-0.17538693789555668	Faecalibacterium prausnitzii [meta_mOTU_v2_7154]	0.00207317768988801
4.075736741222096e-35	-1.5400783593304854	Faecalibacterium prausnitzii [ref_mOTU_v2_1379]	1.3178215463284777e-33
1.3870269619144815e-35	-1.6267930168036422	Faecalibacterium prausnitzii [ref_mOTU_v2_4211]	4.892422374752898e-34
1.48367943277768e-33	-1.411677050192243	Faecalibacterium prausnitzii [ref_mOTU_v2_4875]	4.264204591983258e-32
9.571228397293148e-40	-1.5655655939887012	Faecalibacterium prausnitzii [ref_mOTU_v2_4910]	4.951515490866322e-38
0.9868101727058121	0.0011363465226582694	Faecalitalea cylindroides [ref_mOTU_v2_1470]	0.9944996026230001
0.3589930620843439	-0.056474547652087585	Fenollaria massiliensis [ref_mOTU_v2_5215]	0.44787558870972805
0.5398486821486947	-0.03484623738714468	Finegoldia magna [ref_mOTU_v2_1208]	0.6178799075920164
0.3188262883255197	-0.05246268354362828	Finegoldia magna [ref_mOTU_v2_4423]	0.40360391474812934
1.3015853192312897e-7	-0.21996982063371295	Firmicutes bacterium ADurb.Bin467 [meta_mOTU_v2_6414]	5.580277390737463e-7
5.697965513874461e-6	0.5183077887157558	Flavonifractor plautii [ref_mOTU_v2_1377]	1.8883268608836378e-5
0.010242443001938856	0.06570992042586926	Fusobacterium hwasookii [ref_mOTU_v2_0130]	0.01938569699879159
0.6965983109546969	0.016822393445126642	Fusobacterium mortiferum [ref_mOTU_v2_4310]	0.7570872399171495
2.1849219071584804e-5	0.34242188932264106	Fusobacterium nucleatum s. animalis [ref_mOTU_v2_0776]	6.701578655948541e-5
0.01210694024258802	0.06546886891856366	Fusobacterium nucleatum s. nucleatum [ref_mOTU_v2_0777]	0.022584100067904574
1.2190295311830231e-4	0.18211217406247018	Fusobacterium nucleatum s. polymorphum [ref_mOTU_v2_0131]	3.4150430187654363e-4
0.06801080317002127	0.06616379657588355	Fusobacterium nucleatum s. vincentii [ref_mOTU_v2_0754]	0.10859338119328499
0.4816100566968601	0.023492219817391597	Fusobacterium periodonticum [ref_mOTU_v2_1402]	0.5636944253344848
0.5426532515246627	-0.027118027503958312	Gardnerella vaginalis [ref_mOTU_v2_0095]	0.6201751445996145
0.09515608925544676	0.04356446308620999	Gemella haemolysans [ref_mOTU_v2_4468]	0.14593107759333337
0.868316980861111	-0.005297283260431002	Gemella haemolysans [ref_mOTU_v2_4512]	0.9032358943005658
0.627294021577832	0.019241743544525076	Gemella morbillorum [ref_mOTU_v2_4513]	0.6983933439661372
0.008407927062856632	-0.13204705843247286	Gemella sanguinis [ref_mOTU_v2_1151]	0.016352259149816407
0.2335639859037204	0.07295231179898062	Granulicatella adiacens [ref_mOTU_v2_4659]	0.31738973344244253
0.025691479180718083	0.053962777539047976	Haemophilus haemolyticus [ref_mOTU_v2_0123]	0.044902224874408175
0.922561139544229	0.008464115297638337	Haemophilus parainfluenzae [ref_mOTU_v2_0358]	0.9457165710519443
0.9565175540515878	0.0014437099815004903	Haemophilus sputorum [ref_mOTU_v2_0151]	0.9702714012340289
0.001932748410959963	-0.12340404328371697	Holdemanella biformis [meta_mOTU_v2_7329]	0.004285179334014089
3.700261302146576e-6	-0.3945691887208173	Holdemanella biformis [meta_mOTU_v2_7589]	1.2538876726924641e-5
1.1617200785670132e-6	-0.3838465382273178	Holdemanella biformis [ref_mOTU_v2_4395]	4.297450006792296e-6
0.551875780156532	-0.04763011452037175	Holdemania filiformis [ref_mOTU_v2_4459]	0.6279407703833855
0.017024301003240774	-0.10515293981396179	Holdemania massiliensis [ref_mOTU_v2_2557]	0.030580688839154723
1.4821486856921458e-5	0.4032206623807946	Hungatella hathewayi [ref_mOTU_v2_0882]	4.6376910487786495e-5
0.8761699050812125	-0.01402231920782103	Intestinibacter bartlettii [ref_mOTU_v2_4268]	0.9089677090147338
4.524688178884929e-4	-0.2533112940571667	Intestinimonas butyriciproducens [ref_mOTU_v2_2968]	0.0011511993530540015
1.186125700717237e-13	0.8272609484613117	Klebsiella michiganensis/oxytoca [ref_mOTU_v2_0079]	9.79184621017634e-13
5.357969713547976e-18	1.0890396240358706	Klebsiella sp. [ref_mOTU_v2_0160]	6.39659153494343e-17
0.8356817645618061	0.003895366164202603	Lachnoanaerobaculum sp. [ref_mOTU_v2_1537]	0.878711448915937
0.0013512938533490437	-0.20250897822180922	Lachnospiraceae bacterium 1_4_56FAA [ref_mOTU_v2_4723]	0.0031489610516482218
0.9258264285648807	-0.0071706353817348936	Lachnospiraceae bacterium 3_1_57FAA_CT1 [ref_mOTU_v2_0887]	0.9465629888884683
0.8702645752473418	0.0025925523458578616	Lachnospiraceae bacterium oral taxon 082 [ref_mOTU_v2_5014]	0.9040499469771583
0.2405169947692693	0.0367643508326056	Lactobacillus acidophilus [ref_mOTU_v2_0862]	0.32515886400862887
0.007117184384756274	0.164169765412403	Lactobacillus animalis [ref_mOTU_v2_1278]	0.014053269930205774
9.847952399653704e-9	0.5217373411894488	Lactobacillus casei/paracasei [ref_mOTU_v2_0226]	4.867522969510365e-8
0.004951918651789355	0.055553213320527525	Lactobacillus casei/zeae [ref_mOTU_v2_1169]	0.010112339141548788
0.05678263867892688	0.08683336420850656	Lactobacillus crispatus [ref_mOTU_v2_1063]	0.09237594887808649
0.0034861785905222764	0.11592036228408298	Lactobacillus delbrueckii [ref_mOTU_v2_0181]	0.007452547069546243
2.634544942993978e-11	0.44572094370834975	Lactobacillus fermentum [ref_mOTU_v2_1050]	1.7473563040712197e-10
6.708683113295678e-11	0.5175122983684664	Lactobacillus gasseri [ref_mOTU_v2_0725]	4.2324699966808503e-10
0.3249703329041722	0.024374676160037086	Lactobacillus helveticus [ref_mOTU_v2_0861]	0.40937821158058063
0.2505761086788861	0.04136286577162704	Lactobacillus mucosae [ref_mOTU_v2_0568]	0.33529900585352257
0.005902648250347648	0.10688966571449147	Lactobacillus oris [ref_mOTU_v2_1528]	0.011835801142815957
2.585030324077144e-7	0.39306341649691545	Lactobacillus plantarum [ref_mOTU_v2_0154]	1.055780806044139e-6
0.014871152453948436	0.11809341300706332	Lactobacillus reuteri [ref_mOTU_v2_1076]	0.027217014868547138
2.1623196119512414e-14	0.7380226546180518	Lactobacillus rhamnosus [ref_mOTU_v2_0048]	1.9975714510406704e-13
8.666084814616238e-7	-0.35497245558924323	Lactobacillus ruminis [ref_mOTU_v2_0167]	3.2645057359913597e-6
0.9452906888409571	-0.0028319681246112634	Lactobacillus sakei [ref_mOTU_v2_0992]	0.961396559030908
2.0378018079709836e-13	0.6666596501080531	Lactobacillus salivarius [ref_mOTU_v2_0125]	1.630241446376787e-12
2.6062452377623803e-4	0.12548641371553293	Lactobacillus vaginalis [ref_mOTU_v2_3392]	6.786732565448345e-4
0.009018245592890968	-0.20928190434718572	Lactococcus lactis [ref_mOTU_v2_0182]	0.017236843793308847
0.12111515390243113	-0.08372640533663947	Lactococcus lactis [ref_mOTU_v2_0371]	0.18025656098691828
0.2569994052913638	0.0297758798538082	Lawsonella clevelandensis [meta_mOTU_v2_7078]	0.34207811064510857
0.15035003365754626	0.04608278025457411	Leuconostoc gelidum [ref_mOTU_v2_0877]	0.21645941765910184
0.9088435095328287	-0.003758861999817265	Leuconostoc mesenteroides [ref_mOTU_v2_0384]	0.9366036698505644
0.20732143443052958	-0.07905119850613454	Levyella massiliensis [ref_mOTU_v2_5216]	0.2857574300498951
0.003946400811574493	-0.073692339559429	Mailhella massiliensis [meta_mOTU_v2_5632]	0.00825446638755204
6.4093674035585255e-6	-0.38251345249068536	Megamonas funiformis/rupellensis [ref_mOTU_v2_0502]	2.0985945591398378e-5
0.04436426963813622	-0.09775356613619346	Megasphaera elsdenii [ref_mOTU_v2_0252]	0.0738769811999865
0.3898835924145194	0.035360249028682095	Megasphaera massiliensis [ref_mOTU_v2_2684]	0.47947649399947234
4.4191494254760995e-8	0.44951557313457813	Megasphaera micronuciformis [ref_mOTU_v2_4840]	1.99622487755774e-7
0.10422182402838773	-0.09269584156753356	Megasphaera sp. [ref_mOTU_v2_0965]	0.15827032376913674
0.0011195974704781744	-0.3264300179517997	Methanobrevibacter smithii [ref_mOTU_v2_1384]	0.0026407526963254206
1.3786180912931413e-6	-0.24476114996513998	Mitsuokella jalaludinii [ref_mOTU_v2_3339]	4.9588704078439455e-6
0.07107825529106501	0.047011631106342315	Mogibacterium timidum [ref_mOTU_v2_1136]	0.11256474715482948
8.193056691528614e-14	0.5427976153112463	Morganella morganii [ref_mOTU_v2_0545]	6.910665209376309e-13
0.0051049329240145545	-0.1147891747692931	Mycoplasma sp. CAG:472 [meta_mOTU_v2_6403]	0.010343153913930273
0.004250386901326188	-0.10367240939199657	Mycoplasma sp. CAG:611 [meta_mOTU_v2_5692]	0.008795467294477659
0.05257973696012102	-0.11837566788138243	Neglecta timonensis [meta_mOTU_v2_7115]	0.08644465229036846
0.7147579882205378	0.008167055307559037	Neisseria mucosa [ref_mOTU_v2_1389]	0.7757373410617305
0.05628966972640408	0.052715110053049324	Niameybacter massiliensis [meta_mOTU_v2_7610]	0.09176635232707893
0.27214005725163926	-0.060012933606428294	Odoribacter laneus [ref_mOTU_v2_4887]	0.3567241291001217
2.528787959486268e-6	-0.4540670974107269	Odoribacter splanchnicus [ref_mOTU_v2_4846]	8.760444002506e-6
0.3470307197185598	0.017448387780721948	Olsenella sp. oral taxon 807 [meta_mOTU_v2_6361]	0.4343481266154878
0.07340816807503774	0.0451940881364223	Olsenella uli [ref_mOTU_v2_0742]	0.11554713676719937
0.9104752812028875	-0.0023523432429559893	Oribacterium sinus [ref_mOTU_v2_4575]	0.9369157443076671
0.417893263537352	-0.013335258556623786	Oscillibacter sp. 1-3 [ref_mOTU_v2_2708]	0.5082839694435504
2.09873150416576e-8	-0.28373119681745684	Oscillibacter sp. 57_20 [meta_mOTU_v2_5351]	9.991507038236992e-8
4.1928661965688686e-19	-0.8220290770509855	Oscillibacter sp. 57_20 [meta_mOTU_v2_6676]	5.3338756861269545e-18
4.288185043248027e-22	-1.045925158835083	Oscillibacter sp. ER4 [ref_mOTU_v2_3624]	6.932565819917644e-21
0.0013971617219536447	-0.331874431934634	Oscillibacter sp. KLE 1728 [ref_mOTU_v2_0858]	0.003223709816680923
0.3768507281076676	-0.061447148855609104	Parabacteroides goldsteinii [ref_mOTU_v2_0901]	0.46566268313941095
0.8219375668200339	0.007586878026797873	Parabacteroides gordonii [ref_mOTU_v2_2090]	0.8666080867559054
0.6686040573231564	0.0190393998953894	Parabacteroides johnsonii [ref_mOTU_v2_5296]	0.734059847101514
0.014105060343810495	-0.2464732753526346	Parabacteroides merdae [ref_mOTU_v2_1378]	0.02587594994514644
2.698367931920903e-6	-0.3590074591044189	Paraprevotella clara [ref_mOTU_v2_4942]	9.306371178536092e-6
0.0013988476960670516	-0.15698626533512244	Paraprevotella xylaniphila [ref_mOTU_v2_4943]	0.003223709816680923
0.8681915669993115	-0.016074600140869113	Parasutterella excrementihominis [ref_mOTU_v2_1405]	0.9032358943005658
0.1282290229949814	0.08033245087587972	Parvimonas micra [ref_mOTU_v2_1145]	0.1898964157330259
4.3311643293493506e-10	0.48330735099212685	Pediococcus acidilactici [ref_mOTU_v2_0308]	2.4896174219074785e-9
6.353336927188822e-5	0.16394139922055223	Pediococcus pentosaceus [ref_mOTU_v2_0577]	1.8396229311561663e-4
0.72285616139829445	-0.018363217723060526	Peptoniphilus grossensis [ref_mOTU_v2_1822]	0.7823380491563131
0.5103931256467307	-0.037452455881542	Peptoniphilus lacrimalis [ref_mOTU_v2_0509]	0.5932560213110357
0.5730478047837708	0.026023643989029847	Peptostreptococcus stomatis [ref_mOTU_v2_4614]	0.6470028001179353
0.20343766750473286	0.1443784973988752	Phascolarctobacterium sp. [ref_mOTU_v2_2805]	0.2814039750154594
0.198257399352715	-0.05187463393317483	Phascolarctobacterium sp. [ref_mOTU_v2_2806]	0.2762077951484862
0.06846247750278579	-0.17254454514387005	Phascolarctobacterium succinatutens [ref_mOTU_v2_0947]	0.10909010788944924
0.8206153166286174	-0.015808898494519625	Porphyromonadaceae sp. [ref_mOTU_v2_1091]	0.8666080867559054
0.09418836080924892	-0.10276401859072866	Porphyromonas asaccharolytica [ref_mOTU_v2_1517]	0.14473300591678645
0.35207586161572724	-0.057491222698793386	Porphyromonas bennonis [ref_mOTU_v2_2099]	0.4399530895552405
0.36712750838932207	-0.05370814456820073	Porphyromonas uenonis [ref_mOTU_v2_4616]	0.45593099933329595
0.25061008169464316	-0.08223934763182296	Prevotella bivia [ref_mOTU_v2_0999]	0.33529900585352257
2.8555909897316526e-5	0.15763590190579735	Prevotella buccae [ref_mOTU_v2_0132]	8.588909333456443e-5
0.4528613562968624	-0.047042728958471676	Prevotella buccalis [ref_mOTU_v2_4771]	0.535701848302386
1.3652952976426915e-7	-0.6037062263469156	Prevotella copri [ref_mOTU_v2_4448]	5.82125907126774e-7
0.7624205145102825	-0.018565182138802552	Prevotella corporis [ref_mOTU_v2_0513]	0.8194436554847357
0.07339697203278296	0.02370486427797643	Prevotella denticola [ref_mOTU_v2_0514]	0.11554713676719937
0.0666340042667889	0.041879487810627426	Prevotella histicola [ref_mOTU_v2_0907]	0.10661440682686224
0.0038280812775997202	0.09475202306680498	Prevotella melaninogenica [ref_mOTU_v2_0686]	0.008072258346242889
5.153599533127034e-8	-0.4206471905682667	Prevotella sp. CAG:279 [meta_mOTU_v2_6938]	2.2983869182221715e-7
2.153772477095241e-4	-0.30948674079761035	Prevotella stercorea [ref_mOTU_v2_1551]	5.665516753308159e-4
0.5130491779009915	0.013749047679111266	Propionibacterium acidifaciens [ref_mOTU_v2_2105]	0.5942181523151782
0.8001996449417033	-0.012340207452729568	Propionibacterium acnes [ref_mOTU_v2_0071]	0.8529600610917056
0.9967967591968546	-1.1953816492309632e-4	Propionibacterium avidum [ref_mOTU_v2_0703]	0.9979000383291605
0.12507857303216036	-0.035674657965846776	Propionibacterium freudenreichii [ref_mOTU_v2_1477]	0.1855850337915037
0.09605151748189118	0.031787469766739185	Propionibacterium propionicum [ref_mOTU_v2_4960]	0.14701376245749026
1.2286087819502896e-4	0.08882754174124503	Proteus hauseri/penneri [ref_mOTU_v2_1034]	3.417205787790053e-4
5.047350838890367e-10	0.47667654718005076	Proteus mirabilis [ref_mOTU_v2_0546]	2.8799590080727386e-9
0.4646460492030625	-0.024505445258876796	Pseudoflavonifractor capillosus [ref_mOTU_v2_4206]	0.546311112396328
0.2183998035015025	0.06372980398876839	Pseudomonas aeruginosa/otitidis [ref_mOTU_v2_0096]	0.2994315327158409
0.03357426824025012	0.1071083913191243	Raoultella ornithinolytica/planticola [ref_mOTU_v2_0074]	0.05701013600532624
1.668753728554267e-6	0.16866014010582422	Robinsoniella peoriensis [ref_mOTU_v2_1234]	5.940150886963813e-6
5.327207804425036e-25	-0.9455423454549761	Roseburia hominis [ref_mOTU_v2_4572]	9.842650610080543e-24
1.2671056496589153e-14	-0.8362055503862473	Roseburia intestinalis [ref_mOTU_v2_1427]	1.1991146147991687e-13
1.0582464381489924e-27	-1.2387346562572326	Roseburia inulinivorans [ref_mOTU_v2_4632]	2.4884825333442973e-26
5.616748639832499e-13	-0.629969907457739	Roseburia sp. 40_7 [meta_mOTU_v2_6875]	4.231647518941766e-12
1.5670924767221287e-15	-0.4307465111549239	Roseburia sp. CAG:182 [meta_mOTU_v2_6334]	1.5590561050466306e-14
1.7030170246873532e-6	-0.23097759708736906	Roseburia sp. CAG:303 [meta_mOTU_v2_6722]	6.034434754143315e-6
1.5045293965203284e-11	-0.394316002065777	Roseburia sp. CAG:309 [meta_mOTU_v2_6793]	1.0331989484068803e-10
0.2427885957728867	0.027724988369386895	Rothia aeria/dentocariosa [ref_mOTU_v2_0551]	0.32765904403436535
0.005764450844962371	0.09398385272572161	Rothia dentocariosa [ref_mOTU_v2_1446]	0.01158863693184145
0.23812569518140195	-0.06841331442896552	Rothia mucilaginosa [ref_mOTU_v2_1438]	0.3224878524620731
0.012322599985775954	-0.11881684827302277	Ruminococcaceae bacterium D16 [ref_mOTU_v2_4480]	0.022821808088215132
1.0559368895684127e-23	-1.1195148376906991	Ruminococcus bicirculans [ref_mOTU_v2_2358]	1.781319622402366e-22
1.4638440319068407e-5	-0.5495776589876048	Ruminococcus bromii [ref_mOTU_v2_4720]	4.598959387691127e-5
3.878907869720474e-11	-0.5269392680807772	Ruminococcus callidus [ref_mOTU_v2_4209]	2.5294390814311663e-10
0.28362878376639183	0.030825290757073097	Ruminococcus gauvreauii [ref_mOTU_v2_2133]	0.36682656033786676
3.077472622846467e-5	0.5350279656670633	Ruminococcus gnavus [ref_mOTU_v2_0280]	9.185072135880224e-5
1.0977865433868001e-9	-0.6134743950960196	Ruminococcus lactaris [ref_mOTU_v2_0281]	6.084873983343978e-9
0.04078920593624814	-0.1055184086340283	Ruminococcus sp. CAG:177 [meta_mOTU_v2_5453]	0.06821643061751843
2.756067205539666e-9	-0.572080131126197	Ruminococcus sp. CAG:177 [meta_mOTU_v2_6664]	1.4258054343325204e-8
1.052041499361076e-5	-0.28264182838785484	Ruminococcus sp. CAG:254 [meta_mOTU_v2_5967]	3.346197959127285e-5
0.05142311991996814	-0.0758427167014304	Ruminococcus sp. CAG:724 [meta_mOTU_v2_7753]	0.0849028533146708
1.3739061761028075e-4	-0.4159955385627674	Ruminococcus torques [ref_mOTU_v2_1376]	3.754053495266826e-4
1.0520992886120436e-41	-1.5763019447146904	Ruminococcus torques [ref_mOTU_v2_4718]	7.422082254208599e-40
5.295545274333252e-4	0.10465628707419045	Salmonella enterica [ref_mOTU_v2_0039]	0.0013213321970683613
1.25488294703449e-4	0.12211408242861746	Scardovia wiggsiae [ref_mOTU_v2_5000]	3.477818453209872e-4
0.041059165300992045	0.035024908150644005	Selenomonas artemidis [ref_mOTU_v2_0527]	0.06852024144853726
0.0095526512894461	0.048483062012418685	Selenomonas flueggei [ref_mOTU_v2_4660]	0.018168768138750423
2.853973633194055e-9	-0.5052308702420868	Senegalimassilia anaerobia [ref_mOTU_v2_1606]	1.4666778406348254e-8
0.03971374653902093	0.07537279704934012	Slackia exigua [ref_mOTU_v2_0397]	0.06656126849736554
0.3753759554070809	0.04410454059605135	Solobacterium moorei [ref_mOTU_v2_0531]	0.46458012981801405
2.2121972186611173e-5	0.3230544831089605	Staphylococcus aureus [ref_mOTU_v2_0067]	6.758523786145775e-5
0.4138673413853384	0.04325250024233884	Staphylococcus epidermidis [ref_mOTU_v2_0007]	0.504177483383081
0.0015504858222955369	-0.09803685260226812	Staphylococcus sp. CAG:324 [meta_mOTU_v2_7279]	0.0034976075526201647
0.06318317730012862	0.024093681284960294	Stomatobaculum longum [meta_mOTU_v2_7344]	0.10193377460478131
0.8177050035312927	-0.01498182453550923	Streptococcus anginosus [ref_mOTU_v2_0004]	0.8666080867559054
0.46290078502342047	-0.04474853952935476	Streptococcus anginosus [ref_mOTU_v2_0005]	0.5450849911656666
0.5719134474658917	-0.024604123655883506	Streptococcus anginosus [ref_mOTU_v2_0351]	0.6469458239555859
0.8974951945206104	0.008048562257867762	Streptococcus anginosus [ref_mOTU_v2_0687]	0.9273718654434004
0.9115610656601658	0.0062646139060288505	Streptococcus australis [ref_mOTU_v2_1524]	0.9369157443076671
0.6938093467079445	0.020049694007498797	Streptococcus constellatus/intermedius [ref_mOTU_v2_0143]	0.7561742318052878
0.7222940143574954	0.010308361967978023	Streptococcus cristatus [ref_mOTU_v2_1525]	0.7823380491563131
0.6399992287973159	0.0069043672861998735	Streptococcus cristatus [ref_mOTU_v2_2992]	0.709247003461009
0.63208724986434806	-0.025257273794584395	Streptococcus equinus [ref_mOTU_v2_0793]	0.7027216416830001
0.06553543968413382	0.07383056006453746	Streptococcus gordonii [ref_mOTU_v2_1398]	0.10507334957621456
0.8916209766499172	-0.004574951145113375	Streptococcus infantis [ref_mOTU_v2_1561]	0.9225305038404477
0.2318010349305382	0.027431483055898608	Streptococcus infantis [ref_mOTU_v2_1612]	0.31557474229139937
0.14280223800553832	0.06063248525775767	Streptococcus infantis [ref_mOTU_v2_5047]	0.20751785897434033
0.1358803253347287	-0.08723173451027776	Streptococcus infantis/mitis [ref_mOTU_v2_0683]	0.19925664953392463
0.5371159597662467	0.027790592245055378	Streptococcus intermedius [ref_mOTU_v2_0352]	0.6156602433952842
0.363988017482066	0.03515400469925725	Streptococcus mitis [ref_mOTU_v2_0022]	0.4533783331718832
0.9820646410310881	7.726908512774415e-4	Streptococcus mitis [ref_mOTU_v2_0024]	0.9910041111054934
0.018628600756664355	0.05204373492457111	Streptococcus mitis [ref_mOTU_v2_0025]	0.03307962056560993
0.36721246724653345	0.026236517379621446	Streptococcus mitis [ref_mOTU_v2_0026]	0.45593099933329595
0.4196578470734892	0.03324948963372239	Streptococcus mitis [ref_mOTU_v2_0027]	0.5096314386995737
0.9894029394290788	-5.826859748312511e-4	Streptococcus mitis [ref_mOTU_v2_0028]	0.9958193009039755
0.8216254494535972	-0.006335661739698909	Streptococcus mitis [ref_mOTU_v2_0029]	0.8666080867559054
0.19148914996219363	0.057169790537116676	Streptococcus mitis [ref_mOTU_v2_0030]	0.2696834489485703
0.59652649267745	0.037831418953244836	Streptococcus mitis [ref_mOTU_v2_0031]	0.6689372230024583
0.002843416032866577	0.0807106986081051	Streptococcus mitis [ref_mOTU_v2_0032]	0.006146214043187921
0.016709564284178555	0.0575467881995182	Streptococcus mitis [ref_mOTU_v2_0033]	0.03008496956965791
0.8631510711295052	-0.003328826308213691	Streptococcus mitis [ref_mOTU_v2_5026]	0.9014875251635208
0.03602163583428239	0.11533098716387608	Streptococcus mutans [ref_mOTU_v2_0289]	0.06076693349435464
0.030414381524961995	0.10197451988321506	Streptococcus oralis [ref_mOTU_v2_0072]	0.05187156057883628
0.012206870702280681	0.12172163934865014	Streptococcus oralis [ref_mOTU_v2_0146]	0.022715903273308892
0.29523781526361886	0.03856451664278586	Streptococcus oralis [ref_mOTU_v2_0353]	0.3793121600075633
0.5321087510040117	0.019554883274975794	Streptococcus oralis [ref_mOTU_v2_0354]	0.6112805423090304
0.5639104298392069	0.01853673973502373	Streptococcus oralis [ref_mOTU_v2_0355]	0.6388240781828096
0.027088657227799223	0.1536401541493637	Streptococcus oralis [ref_mOTU_v2_0356]	0.04681692206853496
0.062120864878770776	0.04938655639572434	Streptococcus oralis [ref_mOTU_v2_0357]	0.10042873155401276
0.19304866077944122	0.05198265537011856	Streptococcus oralis [ref_mOTU_v2_0984]	0.27138724776240286
0.02605595960532102	0.04872912596839992	Streptococcus oralis [ref_mOTU_v2_1016]	0.04523361220073627
0.003727439187418952	0.07815096328251404	Streptococcus oralis [ref_mOTU_v2_2963]	0.007881451796831354
0.24983281673005106	0.10508381172884335	Streptococcus parasanguinis [ref_mOTU_v2_0144]	0.33529900585352257
0.9973330449947959	9.86241693736311e-5	Streptococcus peroris [ref_mOTU_v2_5116]	0.9979000383291605
0.2632805782653277	0.04613847303284543	Streptococcus pneumoniae [ref_mOTU_v2_0020]	0.3484605349987243
0.13737852066570952	0.06742016599686794	Streptococcus pseudopneumoniae [ref_mOTU_v2_0021]	0.2003867143544936
0.011930117190622288	-0.26253508549230603	Streptococcus salivarius [ref_mOTU_v2_0199]	0.022307881782946733
0.0033250971691971766	0.1870882826908026	Streptococcus salivarius [ref_mOTU_v2_0656]	0.0071674316758250246
0.6582729082847885	0.012250887833144795	Streptococcus sanguinis [ref_mOTU_v2_0278]	0.7254111859915332
0.9935134825226946	4.4308800600770547e-4	Streptococcus sanguinis [ref_mOTU_v2_0279]	0.9979000383291605
0.6190228181216366	0.017404727016987937	Streptococcus sanguinis [ref_mOTU_v2_5117]	0.6911679235430073
0.0014945726178118668	0.06218083790376975	Streptococcus sinensis [ref_mOTU_v2_3713]	0.003411142210064731
0.008918965928132837	0.13840522138110958	Streptococcus sp. 2_1_36FAA [ref_mOTU_v2_1399]	0.0170891791610644
0.3979319476224312	0.04036826490332738	Streptococcus sp. F0442 [ref_mOTU_v2_5298]	0.4879181046432685
0.4422435324184122	0.030038612942129023	Streptococcus sp. HPH0090 [ref_mOTU_v2_2507]	0.5272263602340381
0.26792738324494103	0.07847163385595265	Streptococcus sp. HSISM1 [ref_mOTU_v2_0145]	0.3523926260984309
0.2861980903487415	0.03305798797953921	Streptococcus sp. M334 [ref_mOTU_v2_4515]	0.3695336407830672
0.9602806690158179	0.0020364320441840582	Streptococcus sp. SK140 [ref_mOTU_v2_1746]	0.97281697017790425
0.0061737529066564455	0.05660041196585712	Streptococcus sp. SK643 [ref_mOTU_v2_1747]	0.012315764153124426
0.07969550780284275	0.12165627179273303	Streptococcus sp. [ref_mOTU_v2_0261]	0.12368742811001195
0.08715945771959123	0.09704947230811996	Streptococcus sp. [ref_mOTU_v2_0416]	0.13473254818805336
0.2604506647339149	-0.06859439950863841	Streptococcus sp. [ref_mOTU_v2_0650]	0.34548669373250934
0.9732921518209632	6.773944435647444e-4	Streptococcus sp. [ref_mOTU_v2_5015]	0.983430611735765
0.1873989241922462	-0.14757704445623454	Streptococcus thermophilus [ref_mOTU_v2_0219]	0.2648844538673644
0.09198072108175806	0.14095176934228063	Streptococcus vestibularis [ref_mOTU_v2_0198]	0.1416211102369926
0.8644550252874901	0.019393177549980392	Subdoligranulum sp. 4_3_54A2FAA [ref_mOTU_v2_4738]	0.9016358865901778
5.929460858306527e-4	-0.15112603527789473	Subdoligranulum sp. CAG:314 [meta_mOTU_v2_6768]	0.0014700516377143338
0.14808537782639467	-0.08407336198305398	Sutterella sp. CAG:351 [meta_mOTU_v2_7305]	0.2135952661585172
0.24627916799738458	-0.052380773229075625	Sutterella sp. CAG:351 [meta_mOTU_v2_7614]	0.3317927679964765
0.5121972800689998	-0.056056711534221176	Sutterella wadsworthensis [ref_mOTU_v2_0767]	0.5941182202295124
0.1190579437212765	-0.11007099099824423	Sutterella wadsworthensis [ref_mOTU_v2_4889]	0.1783570739917192
0.9439799632331527	-0.0024595029680823046	Synergistes sp. 3_1_syn1 [ref_mOTU_v2_4289]	0.9613234271245755
0.0024063259453093446	0.07498465572379302	Terrisporobacter glycolicus [ref_mOTU_v2_1907]	0.005245249813370931
0.03901918974777706	-0.09236407949914224	Turicibacter sanguinis [ref_mOTU_v2_1493]	0.06553872563695887
0.0019215534331275	0.285566187279148	Tyzzerella nexilis [ref_mOTU_v2_4366]	0.004272565799733352
0.3018178262657233	-0.052472746811389415	Varibaculum cambriense [ref_mOTU_v2_3271]	0.38584947805963965
6.0317992564690275e-5	0.3971214747567423	Veillonella atypica [ref_mOTU_v2_0561]	1.753062255812721e-4
1.416724249926767e-4	0.35041582907868357	Veillonella dispar [ref_mOTU_v2_4469]	3.830585428373419e-4
5.800088064245243e-18	1.0026724385356047	Veillonella parvula [ref_mOTU_v2_1042]	6.819497481597438e-17
5.369490991815532e-4	0.2744836131890009	Veillonella sp. [ref_mOTU_v2_5068]	0.001335488785143863
0.11285659131197388	-0.06664867053318814	Weissella cibaria [ref_mOTU_v2_5141]	0.1707148437779566
0.9204082341068123	0.005304828169511597	Weissella confusa [ref_mOTU_v2_2240]	0.9447576582895322
2.3337950449302573e-46	-1.4689635295861387	bacterium LF-3 [ref_mOTU_v2_3608]	3.622049909731759e-44
0.12925588235539104	-0.040095344173072034	bacterium OL-1 [ref_mOTU_v2_3607]	0.19068928651669856
2.660377031942179e-20	-0.791762215337665	butyrate-producing bacterium SS3/4 [ref_mOTU_v2_3825]	3.621846625942335e-19
0.11315029575427313	-0.10016918429690147	cand. Alistipes marseilloanorexicus [ref_mOTU_v2_2553]	0.17082612744224893
0.01310021077880703	-0.05386461067090463	cand. Stoquefichus massiliensis [ref_mOTU_v2_2558]	0.02414670680369182
0.46043786478561055	-0.02128231273219995	candidatus Saccharibacteria oral taxon TM7x [meta_mOTU_v2_5893]	0.5430087888657049
0.5869154183515047	-0.014148931782437629	candidatus Saccharibacteria oral taxon TM7x [meta_mOTU_v2_6424]	0.6610252026716512
0.14055987837965014	-0.05615739904231566	candidatus Saccharibacteria oral taxon TM7x [meta_mOTU_v2_6803]	0.20464252462027863
0.003979859280318778	-0.1397415358647905	uncultured Clostridium sp. [meta_mOTU_v2_5907]	0.00830207204711659
1.722953511509989e-10	-0.3332005340130087	uncultured Clostridium sp. [meta_mOTU_v2_6381]	1.0128878219179936e-9
1.2148343544223414e-26	-0.8634498119089197	uncultured Eubacterium sp. [meta_mOTU_v2_5477]	2.6934613115192483e-25
0.021802625257852568	-0.12619382237110302	uncultured Eubacterium sp. [meta_mOTU_v2_6201]	0.03836471020429386
0.44365826447529244	0.029017696348979504	unknown Acinetobacter [meta_mOTU_v2_7007]	0.5272263602340381
0.2021350796422978	0.10098134604213281	unknown Akkermansia [meta_mOTU_v2_6276]	0.28010146750432696
0.0015040509807239149	0.3686247233187421	unknown Akkermansia [meta_mOTU_v2_7059]	0.0034227083901517833
0.2878855740931704	-0.04244074268087283	unknown Alistipes [meta_mOTU_v2_6070]	0.3707251386809984
0.5260866444685757	-0.015340486407307109	unknown Alistipes [meta_mOTU_v2_6305]	0.606602133889472
0.7884282648781443	-0.01290261473542818	unknown Anaeromassilibacillus [meta_mOTU_v2_5357]	0.8415685468300412
0.3146500654872048	0.06190381381342324	unknown Anaeromassilibacillus [meta_mOTU_v2_5656]	0.40027614888208346
0.45108814774176187	-0.03036615924876361	unknown Anaerotruncus [meta_mOTU_v2_6835]	0.5344189353398583
8.517869919333885e-4	-0.17260006474589445	unknown Atopobiaceae [meta_mOTU_v2_6458]	0.002059148616013425
0.3071008090053798	-0.020851496961988805	unknown Atopobiaceae [meta_mOTU_v2_6622]	0.39131400293624746
0.6961158439964524	-0.011741829469988585	unknown Azospirillum [meta_mOTU_v2_6527]	0.7570872399171495
0.11636060084917622	-0.0974826595469072	unknown Bacilli [meta_mOTU_v2_5934]	0.17465343570398598
1.93004536701298e-7	-0.30013546812918024	unknown Bacteria [meta_mOTU_v2_6087]	8.095757863794986e-7
0.004970046809760983	-0.20434304722794674	unknown Bacteroidales [meta_mOTU_v2_5329]	0.010122720011481687
0.08326661330124616	-0.047132244706066286	unknown Bacteroidales [meta_mOTU_v2_5375]	0.12897184016320762
0.05433700102949408	-0.17014396972335874	unknown Bacteroidales [meta_mOTU_v2_5520]	0.08914484735494166
0.009425615464603776	-0.16972438579235025	unknown Bacteroidales [meta_mOTU_v2_6217]	0.017971198035706463
0.6150067794596328	-0.017207438659594003	unknown Bacteroidales [meta_mOTU_v2_6326]	0.6876732865427595
0.6487093352827289	-0.019101627893684022	unknown Bacteroidales [meta_mOTU_v2_7313]	0.7160717555894702
0.20148826823425187	0.09705248377806518	unknown Burkholderiales [meta_mOTU_v2_7434]	0.2797046442750974
3.6907351082976037e-44	-1.3220727643743582	unknown Butyricicoccus [meta_mOTU_v2_5437]	3.580013055048676e-42
3.947505940000413e-7	-0.3312172662587599	unknown Butyricicoccus [meta_mOTU_v2_5800]	1.5549566545382336e-6
6.101217980168071e-4	-0.14019530262756044	unknown Clostridia [meta_mOTU_v2_5309]	0.0015078169275829373
0.4376559564435937	-0.025475960373123753	unknown Clostridiaceae [meta_mOTU_v2_5382]	0.5257291365328618
5.704903317584658e-17	-0.7897979824195211	unknown Clostridiales [meta_mOTU_v2_5339]	6.064390375953006e-16
8.260228251492144e-5	-0.21811626341417323	unknown Clostridiales [meta_mOTU_v2_5341]	2.356594530572759e-4
9.8763981542992e-4	-0.14972901636344646	unknown Clostridiales [meta_mOTU_v2_5347]	0.002343756870867333
0.4259958472128862	-0.030280687766335215	unknown Clostridiales [meta_mOTU_v2_5362]	0.5133117662068318
2.6077963270669897e-11	-0.5984555488543293	unknown Clostridiales [meta_mOTU_v2_5396]	1.7445258187965378e-10
1.4981724380903993e-9	-0.3540853835390021	unknown Clostridiales [meta_mOTU_v2_5397]	7.962889123001027e-9
1.180846472785313e-33	-1.2834922068131898	unknown Clostridiales [meta_mOTU_v2_5411]	3.5243725495438577e-32
5.051814841433404e-5	-0.2184698364841059	unknown Clostridiales [meta_mOTU_v2_5412]	1.4737625251700457e-4
1.1934762367526583e-6	-0.15768062758560397	unknown Clostridiales [meta_mOTU_v2_5417]	4.389277534218307e-6
3.263594792945125e-4	-0.09296791672296278	unknown Clostridiales [meta_mOTU_v2_5442]	8.358249370710948e-4
0.882027320624712	-0.01096526269428237	unknown Clostridiales [meta_mOTU_v2_5466]	0.913822698003707
8.466050402353721e-7	-0.2620945585080538	unknown Clostridiales [meta_mOTU_v2_5513]	3.2204191726600426e-6
0.8507233693361903	-0.007144426211271793	unknown Clostridiales [meta_mOTU_v2_5514]	0.8909059846219752
1.1714879461991608e-5	-0.24074487037392714	unknown Clostridiales [meta_mOTU_v2_5517]	3.7105087602063215e-5
2.062611965161267e-7	-0.32700466795544414	unknown Clostridiales [meta_mOTU_v2_5540]	8.605305833145932e-7
2.313572341969637e-4	-0.08425895720598021	unknown Clostridiales [meta_mOTU_v2_5547]	6.044889351408884e-4
0.16929051467642547	0.05320169364030375	unknown Clostridiales [meta_mOTU_v2_5560]	0.2419326692245049
2.830585854018029e-14	-0.4555777627832103	unknown Clostridiales [meta_mOTU_v2_5603]	2.5247524399057363e-13
0.0014094939760251387	-0.1625935345485383	unknown Clostridiales [meta_mOTU_v2_5641]	0.003235998004128721
0.03600251745927696	-0.051289395031749514	unknown Clostridiales [meta_mOTU_v2_5653]	0.06076693349435464
1.4557836588179103e-24	-1.1168195884507581	unknown Clostridiales [meta_mOTU_v2_5669]	2.510418042761552e-23
0.26359063665496285	-0.034213748396353647	unknown Clostridiales [meta_mOTU_v2_5710]	0.3484605349987243
7.261626272060715e-18	-0.7896147951517574	unknown Clostridiales [meta_mOTU_v2_5712]	8.166698532056688e-17
0.008625421555335498	-0.16052920355987949	unknown Clostridiales [meta_mOTU_v2_5735]	0.01665006747995111
4.067845139008214e-9	-0.4708798499021968	unknown Clostridiales [meta_mOTU_v2_5741]	2.076741992019983e-8
0.0035706755433175777	-0.12811969595517148	unknown Clostridiales [meta_mOTU_v2_5745]	0.007612209400039671
1.2632186365518357e-6	-0.28253673584734434	unknown Clostridiales [meta_mOTU_v2_5783]	4.602148647719364e-6
0.1470013225711437	-0.032818506439573965	unknown Clostridiales [meta_mOTU_v2_5785]	0.21282281028956626
1.1381980860005384e-18	-0.749153401760857	unknown Clostridiales [meta_mOTU_v2_5805]	1.4019709757720916e-17
1.5570083804955138e-4	-0.1931211389281214	unknown Clostridiales [meta_mOTU_v2_5806]	4.195272580779579e-4
0.004494590202556375	-0.0659360923905515	unknown Clostridiales [meta_mOTU_v2_5820]	0.009276069141446136
3.5479758880343533e-25	-0.8794555885670358	unknown Clostridiales [meta_mOTU_v2_5826]	6.715193388084532e-24
2.896792441999799e-14	-0.6444535945535542	unknown Clostridiales [meta_mOTU_v2_5849]	2.554444244308914e-13
7.16680845301461e-4	-0.1329408729450724	unknown Clostridiales [meta_mOTU_v2_5880]	0.001754398536132283
7.385092416425506e-5	-0.18552268712060016	unknown Clostridiales [meta_mOTU_v2_5894]	2.1225302648689604e-4
0.22592218645214895	-0.055902690960479846	unknown Clostridiales [meta_mOTU_v2_5954]	0.30811180437059327
3.0208862209416378e-5	-0.2540277678364598	unknown Clostridiales [meta_mOTU_v2_5959]	9.050995009462203e-5
3.7104954790968366e-7	-0.40552776861931233	unknown Clostridiales [meta_mOTU_v2_5961]	1.4765869188611002e-6
3.012395265514238e-19	-0.9173654108697965	unknown Clostridiales [meta_mOTU_v2_5978]	3.896031210065081e-18
2.604123395043814e-5	-0.23449298016379247	unknown Clostridiales [meta_mOTU_v2_5991]	7.86303406441245e-5
2.3597760164982934e-8	-0.3017101059524025	unknown Clostridiales [meta_mOTU_v2_6000]	1.1165769443918753e-7
0.16993683061567044	-0.0705588616025318	unknown Clostridiales [meta_mOTU_v2_6009]	0.24240989073117697
6.290043178920827e-9	-0.28610158043521106	unknown Clostridiales [meta_mOTU_v2_6013]	3.190244122119321e-8
0.6075949063814252	-0.014742473419838056	unknown Clostridiales [meta_mOTU_v2_6022]	0.6803660134949292
0.42413742634689566	0.06348951587227336	unknown Clostridiales [meta_mOTU_v2_6028]	0.5126645527183661
0.19655657299007026	-0.05267122058487732	unknown Clostridiales [meta_mOTU_v2_6036]	0.27482504619872883
6.522626995051262e-11	-0.4094508638533506	unknown Clostridiales [meta_mOTU_v2_6044]	4.14881848209818e-10
1.130614376245538e-9	-0.3506041960336043	unknown Clostridiales [meta_mOTU_v2_6049]	6.178568703989701e-9
4.811147604349923e-5	-0.15283952249379495	unknown Clostridiales [meta_mOTU_v2_6072]	1.4088492607454867e-4
0.8137250621096701	-0.007647382086179188	unknown Clostridiales [meta_mOTU_v2_6073]	0.8643056200338403
2.539969161100437e-30	-1.1458520737773714	unknown Clostridiales [meta_mOTU_v2_6088]	6.796607134530824e-29
0.1152758634256306	0.11634633146657124	unknown Clostridiales [meta_mOTU_v2_6105]	0.17336060081063828
2.0144571338450135e-5	-0.15149002179962714	unknown Clostridiales [meta_mOTU_v2_6107]	6.252874943454922e-5
0.05622292474525789	-0.06290928025708825	unknown Clostridiales [meta_mOTU_v2_6134]	0.09176635232707893
9.374888461917026e-4	-0.13265927820912077	unknown Clostridiales [meta_mOTU_v2_6144]	0.0022453436563109916
1.4948607169228624e-6	-0.3074498561172603	unknown Clostridiales [meta_mOTU_v2_6190]	5.345677033788669e-6
7.1475767996763305e-9	-0.4275421857146876	unknown Clostridiales [meta_mOTU_v2_6197]	3.601636101655086e-8
0.44348694713710723	-0.02754426903990903	unknown Clostridiales [meta_mOTU_v2_6233]	0.5272263602340381
0.0053538295924335086	-0.14060850285265755	unknown Clostridiales [meta_mOTU_v2_6249]	0.01081919730137605
5.162566366761223e-4	-0.21992527635441841	unknown Clostridiales [meta_mOTU_v2_6261]	0.0012923069356795835
5.798666820591058e-10	-0.6173060395999699	unknown Clostridiales [meta_mOTU_v2_6272]	3.2845003304953732e-9
3.566913215062473e-5	-0.19505263979679308	unknown Clostridiales [meta_mOTU_v2_6275]	1.052442834558357e-4
6.586567824560115e-4	-0.14450295385879394	unknown Clostridiales [meta_mOTU_v2_6281]	0.001622595756145603
0.001544200476494286	-0.19539545877401945	unknown Clostridiales [meta_mOTU_v2_6316]	0.0034935847514856147
1.1454402788383097e-11	-0.5681001777160127	unknown Clostridiales [meta_mOTU_v2_6348]	7.936264789094002e-11
0.015347309205451241	-0.1169764132357342	unknown Clostridiales [meta_mOTU_v2_6371]	0.027956600806174094
1.0358897891791968e-10	-0.6244193472866489	unknown Clostridiales [meta_mOTU_v2_6407]	6.231399041884161e-10
0.19379968633698266	-0.03118922661561174	unknown Clostridiales [meta_mOTU_v2_6416]	0.2719503735940299
0.04662636761166043	-0.18978802635192768	unknown Clostridiales [meta_mOTU_v2_6419]	0.07747764725192398
0.2804018718925944	0.01657693840705773	unknown Clostridiales [meta_mOTU_v2_6427]	0.3650870009876732
0.6890599861651443	-0.019086820339982376	unknown Clostridiales [meta_mOTU_v2_6465]	0.7541756689198195
2.1738019909878412e-6	-0.2494467298070341	unknown Clostridiales [meta_mOTU_v2_6495]	7.598515067597139e-6
0.0038391013870840173	-0.14436260083278654	unknown Clostridiales [meta_mOTU_v2_6503]	0.00807355738855609
0.966073040186894	9.029367190023988e-4	unknown Clostridiales [meta_mOTU_v2_6507]	0.9774089689504951
6.188114147941905e-7	-0.21004807739780748	unknown Clostridiales [meta_mOTU_v2_6511]	2.3772161281202566e-6
1.0378441331265385e-20	-0.696842798385926	unknown Clostridiales [meta_mOTU_v2_6525]	1.464303722374898e-19
0.018209461500988795	-0.1137623620346981	unknown Clostridiales [meta_mOTU_v2_6548]	0.032409500286163545
0.07090442334367386	-0.13109115438906338	unknown Clostridiales [meta_mOTU_v2_6561]	0.11251908489711844
8.942692052385828e-11	-0.29830060477027615	unknown Clostridiales [meta_mOTU_v2_6571]	5.50756272432651e-10
4.666361002311447e-13	-0.33610510162131496	unknown Clostridiales [meta_mOTU_v2_6575]	3.5500942527389044e-12
9.094209006773548e-6	-0.18078171278480132	unknown Clostridiales [meta_mOTU_v2_6585]	2.9404609121901137e-5
3.413780368960487e-38	-1.2603247002482367	unknown Clostridiales [meta_mOTU_v2_6602]	1.4717186479518545e-36
0.11349027968017512	0.1463521837592703	unknown Clostridiales [meta_mOTU_v2_6629]	0.17100671268313766
1.5108517576705788e-23	-0.973067304607634	unknown Clostridiales [meta_mOTU_v2_6632]	2.49451268926036e-22
0.10386308364563106	-0.040527604381642934	unknown Clostridiales [meta_mOTU_v2_6647]	0.1580348096255092
1.2205653494751769e-9	0.6008611683010902	unknown Clostridiales [meta_mOTU_v2_6672]	6.6234874908583025e-9
7.582884617741977e-9	-0.4687261365576035	unknown Clostridiales [meta_mOTU_v2_6699]	3.7963344924953385e-8
1.2874755615522593e-9	-0.33126059952836795	unknown Clostridiales [meta_mOTU_v2_6700]	6.9380627483649534e-9
3.256715203124991e-26	-0.9456344047022526	unknown Clostridiales [meta_mOTU_v2_6716]	6.830299993581061e-25
2.7445904528052412e-6	-0.4219456313478486	unknown Clostridiales [meta_mOTU_v2_6721]	9.423903501667555e-6
0.05154238222506056	-0.06393179018161158	unknown Clostridiales [meta_mOTU_v2_6751]	0.08491908409054563
5.7185156225213264e-6	-0.2592209890910397	unknown Clostridiales [meta_mOTU_v2_6760]	1.8883268608836378e-5
0.9415804914476686	-0.00430542548204574	unknown Clostridiales [meta_mOTU_v2_6777]	0.9613234271245755
2.365206277057829e-25	-0.9455539788232211	unknown Clostridiales [meta_mOTU_v2_6787]	4.588500177492188e-24
0.47439085805209924	-0.016062287502730276	unknown Clostridiales [meta_mOTU_v2_6791]	0.5560835435776873
6.000548153706646e-18	-0.8373834932364433	unknown Clostridiales [meta_mOTU_v2_6795]	6.949888607875161e-17
4.946119362702166e-11	-0.5649005744333409	unknown Clostridiales [meta_mOTU_v2_6801]	3.17205671525362e-10
3.922187831909462e-6	-0.21892647322348283	unknown Clostridiales [meta_mOTU_v2_6807]	1.3233120685051054e-5
8.356162368386731e-4	-0.2389223014621844	unknown Clostridiales [meta_mOTU_v2_6808]	0.002026369374333782
4.305186802300727e-14	-0.668521633245838	unknown Clostridiales [meta_mOTU_v2_6819]	3.7120277317615153e-13
0.14445237615328382	-0.04043223993767545	unknown Clostridiales [meta_mOTU_v2_6823]	0.20952344653261357
3.859858791996781e-35	-1.160024267439751	unknown Clostridiales [meta_mOTU_v2_6832]	1.3022827924302183e-33
6.658890433450374e-20	-0.8621074870755189	unknown Clostridiales [meta_mOTU_v2_6834]	8.909136166133604e-19
2.7318592175881404e-40	-1.0589790835949984	unknown Clostridiales [meta_mOTU_v2_6852]	1.6307098098833823e-38
0.005076216990073392	-0.11948182126263891	unknown Clostridiales [meta_mOTU_v2_6856]	0.01031189629397108
0.7242664856713807	-0.016014725060303398	unknown Clostridiales [meta_mOTU_v2_6885]	0.7827726920348069
0.6203054954081875	-0.021171797468398253	unknown Clostridiales [meta_mOTU_v2_6891]	0.6916049776390136
1.0952165811119551e-13	-0.6673246325485183	unknown Clostridiales [meta_mOTU_v2_6916]	9.138581364977175e-13
4.935897959009683e-19	-0.6179937173876967	unknown Clostridiales [meta_mOTU_v2_6926]	6.1778335745024415e-18
0.01322495791217757	-0.07824945380774231	unknown Clostridiales [meta_mOTU_v2_6929]	0.024318879952250697
0.09839753324030677	0.052900272225955544	unknown Clostridiales [meta_mOTU_v2_6961]	0.15030804290251584
0.679171129187732	-0.011519161275658284	unknown Clostridiales [meta_mOTU_v2_6975]	0.7444022545899435
0.007036171037464851	-0.12012917275649482	unknown Clostridiales [meta_mOTU_v2_6986]	0.0139287467476345
9.063042546744861e-11	-0.44938293070314844	unknown Clostridiales [meta_mOTU_v2_7014]	5.537733083680324e-10
2.787962584958194e-21	-0.667581778811099	unknown Clostridiales [meta_mOTU_v2_7018]	4.081998048919922e-20
5.09396304289375e-15	-0.5498586995659963	unknown Clostridiales [meta_mOTU_v2_7031]	4.941144151606937e-14
7.65646042613775e-13	-0.4773684761778712	unknown Clostridiales [meta_mOTU_v2_7061]	5.658488848269423e-12
2.2926538587549274e-16	-0.5320960156944009	unknown Clostridiales [meta_mOTU_v2_7076]	2.3721325258584314e-15
0.0012538651089885112	-0.09207798134888387	unknown Clostridiales [meta_mOTU_v2_7083]	0.00293072085715387
1.1211857472140064e-21	-1.086838270613346	unknown Clostridiales [meta_mOTU_v2_7093]	1.7059610585060175e-20
0.776805906602576	-0.007300588402816371	unknown Clostridiales [meta_mOTU_v2_7096]	0.8325985960270703
9.660381337440966e-6	-0.30416860879675606	unknown Clostridiales [meta_mOTU_v2_7097]	3.110562621516262e-5
0.011705400419910054	-0.22147065599599947	unknown Clostridiales [meta_mOTU_v2_7104]	0.021961964138555206
1.0571847295385766e-10	-0.30421280784688187	unknown Clostridiales [meta_mOTU_v2_7124]	6.31057961632258e-10
7.000379968854273e-37	-1.4222111782239333	unknown Clostridiales [meta_mOTU_v2_7130]	2.5868070742051975e-35
0.005698483879266419	-0.1341689459501435	unknown Clostridiales [meta_mOTU_v2_7138]	0.011485775299508418
7.847623284382773e-5	-0.18921336412013018	unknown Clostridiales [meta_mOTU_v2_7149]	2.247142313166432e-4
2.3157656931844506e-7	-0.22631004222214096	unknown Clostridiales [meta_mOTU_v2_7153]	9.508117343445153e-7
8.10669014447065e-4	-0.10248205216835364	unknown Clostridiales [meta_mOTU_v2_7156]	0.0019720349693132366
3.175706502311404e-13	-0.452537244653171	unknown Clostridiales [meta_mOTU_v2_7157]	2.439948758211534e-12
1.1629697183329667e-6	-0.316999407393011	unknown Clostridiales [meta_mOTU_v2_7158]	4.297450006792296e-6
4.162149798334248e-11	-0.6293614355039336	unknown Clostridiales [meta_mOTU_v2_7180]	2.6915235362561474e-10
5.607862302467769e-7	-0.2510190122051001	unknown Clostridiales [meta_mOTU_v2_7186]	2.1758505733574944e-6
1.3927350780349896e-4	-0.11775213726873551	unknown Clostridiales [meta_mOTU_v2_7192]	3.7921488440531646e-4
0.560069882500797	0.017382814690371704	unknown Clostridiales [meta_mOTU_v2_7200]	0.6354009193283896
1.3105309731993172e-4	-0.19006402365428196	unknown Clostridiales [meta_mOTU_v2_7281]	3.593540760433463e-4
0.42049914098607655	-0.03077214101844143	unknown Clostridiales [meta_mOTU_v2_7298]	0.5098552084456178
8.687601237131349e-11	-0.40685807002238394	unknown Clostridiales [meta_mOTU_v2_7306]	5.393262848011142e-10
9.991852918199777e-7	-0.3059238187908283	unknown Clostridiales [meta_mOTU_v2_7317]	3.7457380988033946e-6
4.552563894793126e-6	-0.17409753867306102	unknown Clostridiales [meta_mOTU_v2_7320]	1.529346139549552e-5
0.015994183174127114	-0.11140974167013533	unknown Clostridiales [meta_mOTU_v2_7337]	0.028998799399819253
4.424622151287774e-8	-0.5663992601887072	unknown Clostridiales [meta_mOTU_v2_7355]	1.99622487755774e-7
2.518485648606502e-20	-0.5835206996226961	unknown Clostridiales [meta_mOTU_v2_7356]	3.4899015416404384e-19
0.16821519821650927	0.06526887756121055	unknown Clostridiales [meta_mOTU_v2_7359]	0.24083947198526048
0.05535126982817104	-0.04171383415419429	unknown Clostridiales [meta_mOTU_v2_7371]	0.09061726874822938
1.2698635276994133e-17	-0.5633980483614733	unknown Clostridiales [meta_mOTU_v2_7415]	1.4077344249924924e-16
0.44249371007294214	0.03698372688938616	unknown Clostridiales [meta_mOTU_v2_7430]	0.5272263602340381
0.02930845191221509	-0.13155166528407797	unknown Clostridiales [meta_mOTU_v2_7440]	0.05020608980988722
6.153354856664385e-18	-0.6353784076022276	unknown Clostridiales [meta_mOTU_v2_7455]	7.02206377760524e-17
0.44248198808942363	0.03059191284190458	unknown Clostridiales [meta_mOTU_v2_7491]	0.5272263602340381
2.906695146016884e-10	-0.43022886122289855	unknown Clostridiales [meta_mOTU_v2_7527]	1.6959364160218812e-9
7.038531144013167e-43	-1.2214153888096801	unknown Clostridiales [meta_mOTU_v2_7531]	5.461900167754217e-41
3.445969225296718e-5	-0.16385214641820917	unknown Clostridiales [meta_mOTU_v2_7541]	1.0206382132939897e-4
1.6299115901905968e-8	-0.43388138951826405	unknown Clostridiales [meta_mOTU_v2_7546]	7.807477740666069e-8
0.07804130455596449	-0.04551981444040686	unknown Clostridiales [meta_mOTU_v2_7548]	0.122071315359146
0.9503975265708512	-0.002850062411454658	unknown Clostridiales [meta_mOTU_v2_7550]	0.9653252364122783
0.37299966245902116	-0.08290036804138537	unknown Clostridiales [meta_mOTU_v2_7553]	0.4623765783837067
1.6299433385031983e-4	-0.14396194400314138	unknown Clostridiales [meta_mOTU_v2_7561]	4.3615035540637306e-4
2.397962996903735e-14	-0.4147953962415536	unknown Clostridiales [meta_mOTU_v2_7590]	2.1637433553456958e-13
2.259447258625434e-7	-0.3156406915755584	unknown Clostridiales [meta_mOTU_v2_7620]	9.326229110070941e-7
1.874346647805406e-5	-0.28330946209134655	unknown Clostridiales [meta_mOTU_v2_7643]	5.841337344164639e-5
0.6408969911178006	-0.01691400400514672	unknown Clostridiales [meta_mOTU_v2_7702]	0.709247003461009
2.5070781351505673e-8	-0.4144438866358394	unknown Clostridiales [meta_mOTU_v2_7717]	1.179086444167782e-7
0.42543334116384446	-0.0356869460892439	unknown Clostridiales [meta_mOTU_v2_7735]	0.5133117662068318
0.2522201207803891	0.0676257100711915	unknown Clostridiales [meta_mOTU_v2_7769]	0.33687231278069174
3.533103145341862e-8	-0.28477112004398825	unknown Clostridiales [meta_mOTU_v2_7778]	1.6223006158492813e-7
0.027857908627474916	-0.06925966632834146	unknown Clostridiales [meta_mOTU_v2_7781]	0.04782685197991269
1.2936197423491406e-24	-0.8170072334435716	unknown Clostridiales [meta_mOTU_v2_7782]	2.281474818324848e-23
1.224591071338839e-4	-0.12585220363981386	unknown Clostridiales [meta_mOTU_v2_7795]	3.417205787790053e-4
0.0770321404298601	-0.08586901358723557	unknown Clostridiales [meta_mOTU_v2_7800]	0.12089152113951285
3.217077302597528e-6	-0.3175618581007617	unknown Clostridium [meta_mOTU_v2_5331]	1.0997585845003002e-5
0.07905237671030418	-0.04195332997220582	unknown Clostridium [meta_mOTU_v2_5343]	0.12293515897233677
6.775367902368268e-16	-0.6254717782834476	unknown Clostridium [meta_mOTU_v2_5413]	6.828162976932177e-15
1.113464194911588e-6	-0.19047817444234064	unknown Clostridium [meta_mOTU_v2_5505]	4.154077957939386e-6
0.012257607059869368	-0.12297929032419568	unknown Clostridium [meta_mOTU_v2_5561]	0.02275574899152782
0.12110569586254408	0.06544902613558753	unknown Clostridium [meta_mOTU_v2_5915]	0.18025656098691828
0.00366382388573035	-0.18627615968031258	unknown Clostridium [meta_mOTU_v2_5983]	0.00778938995979932
2.9084821194684625e-12	-0.5468399796836408	unknown Clostridium [meta_mOTU_v2_6117]	2.0789906392395e-11
1.93541642628928e-9	-0.3526734639837221	unknown Clostridium [meta_mOTU_v2_6741]	1.0147859100003252e-8
4.874409320241667e-21	-0.749077196754897	unknown Clostridium [meta_mOTU_v2_6792]	7.004706726865803e-20
1.6947412166539528e-15	-0.43131890679686735	unknown Clostridium [meta_mOTU_v2_6877]	1.6647078280043892e-14
9.861585869685634e-8	-0.4499089799814081	unknown Clostridium [meta_mOTU_v2_6883]	4.2992082218404786e-7
4.6499920319636193e-4	-0.17445005924274012	unknown Clostridium [meta_mOTU_v2_7253]	0.0011792136656221465
4.8113934649035e-7	-0.3982281578648449	unknown Clostridium [meta_mOTU_v2_7530]	1.8762016727462892e-6
1.3186483713058829e-6	-0.25174016986387576	unknown Clostridium [meta_mOTU_v2_7721]	4.781640823053108e-6
0.004866539244085912	-0.12464390347777546	unknown Collinsella [meta_mOTU_v2_7573]	0.009990567337065258
2.3536876990839745e-14	-0.8095727519963644	unknown Coprococcus [meta_mOTU_v2_5379]	2.1487784170460755e-13
3.4209112783096976e-4	-0.13065292136666856	unknown Coprococcus [meta_mOTU_v2_6257]	8.732326157790544e-4
0.0017792469976406749	-0.20136415677186786	unknown Dehalococcoidales [meta_mOTU_v2_6270]	0.00399044991378371
1.4007355501574744e-4	-0.17360020345181598	unknown Dehalococcoidales [meta_mOTU_v2_6336]	3.80059715707063e-4
0.0020355507771881018	-0.1691857007542776	unknown Dialister [meta_mOTU_v2_5337]	0.004487464213346497
0.2754040357022485	0.06384242192527265	unknown Dialister [meta_mOTU_v2_5867]	0.359787090412365
0.9979000383291605	1.7430454597192703e-4	unknown Dialister [meta_mOTU_v2_7085]	0.9979000383291605
0.14759464833992036	-0.04516475763726522	unknown Eggerthella [meta_mOTU_v2_6998]	0.2132838866141121
0.0011814936534068243	-0.15929035690370402	unknown Eggerthella [meta_mOTU_v2_7082]	0.0027783002274051386
5.922316340553475e-7	-0.3325823097332188	unknown Eggerthellaceae [meta_mOTU_v2_5373]	2.286426607099252e-6
4.7269197259923636e-4	-0.18947328071138733	unknown Eggerthellaceae [meta_mOTU_v2_6813]	0.001194817494257353
2.2118657294767522e-13	-0.43766033821290196	unknown Eggerthellales [meta_mOTU_v2_6052]	1.7337452586605653e-12
0.03382352988133131	-0.03744097529985875	unknown Erysipelotrichaceae [meta_mOTU_v2_5801]	0.057307989493260034
0.024842644114084843	-0.09464894254248696	unknown Erysipelotrichaceae [meta_mOTU_v2_7790]	0.04351668585221182
7.140412933714677e-13	-0.45292094204233857	unknown Eubacterium [meta_mOTU_v2_5463]	5.327846573617874e-12
1.541290267547547e-12	-0.5373299401316146	unknown Eubacterium [meta_mOTU_v2_6509]	1.1283407996385815e-11
1.037307500783651e-37	-1.2214753798416138	unknown Eubacterium [meta_mOTU_v2_6657]	4.236582213726912e-36
2.217842518456348e-7	-0.292761831652124	unknown Eubacterium [meta_mOTU_v2_7687]	9.203453445572865e-7
2.523068740843285e-13	-0.6206305292589636	unknown Faecalibacterium [meta_mOTU_v2_5779]	1.9579013428943892e-12
7.759781841590068e-27	-0.9852959538766056	unknown Faecalibacterium [meta_mOTU_v2_5815]	1.7710560909040861e-25
4.954575257681902e-22	-0.9421460413283497	unknown Faecalibacterium [meta_mOTU_v2_6452]	7.846429387675828e-21
3.3054362182531064e-40	-1.4187358123558733	unknown Faecalibacterium [meta_mOTU_v2_6631]	1.8321560752602932e-38
9.732838631561732e-15	-0.6262249465690808	unknown Faecalibacterium [meta_mOTU_v2_7143]	9.324299726039387e-14
0.7859014308626502	-0.005884709141910616	unknown Faecalibacterium [meta_mOTU_v2_7492]	0.8400268737595269
0.0010003125490586223	-0.17728596434646143	unknown Faecalibacterium [meta_mOTU_v2_7718]	0.002366593103870399
5.838522269958088e-6	-0.27251912032948244	unknown Firmicutes [meta_mOTU_v2_5525]	1.91978528876588e-5
1.6839486080362997e-4	-0.11179453031844683	unknown Firmicutes [meta_mOTU_v2_5740]	4.4905296214301323e-4
1.88120502760874e-9	-0.568776024382919	unknown Firmicutes [meta_mOTU_v2_6091]	9.930714975676069e-9
3.206946037969324e-5	-0.18060547653917502	unknown Firmicutes [meta_mOTU_v2_6228]	9.534828066912626e-5
0.025833452440582154	-0.10074827085375293	unknown Firmicutes [meta_mOTU_v2_6303]	0.04504889684020618
1.8897568011699567e-11	-0.5681649091486809	unknown Firmicutes [meta_mOTU_v2_6331]	1.2751750240938144e-10
1.2751478076037311e-4	-0.21395909433030744	unknown Firmicutes [meta_mOTU_v2_6730]	3.521404621709948e-4
0.7444775847828888	0.010401874164446842	unknown Firmicutes [meta_mOTU_v2_6870]	0.8023813969326691
4.988014931835038e-12	-0.5439100733662311	unknown Firmicutes [meta_mOTU_v2_7175]	3.5188178064581724e-11
7.932216839792308e-10	-0.3674519364987288	unknown Firmicutes [meta_mOTU_v2_7361]	4.428345516315706e-9
0.5106894616440358	-0.020711034224038423	unknown Firmicutes [meta_mOTU_v2_7689]	0.5932560213110357
0.25798345394245115	-0.05333860433454746	unknown Firmicutes [meta_mOTU_v2_7746]	0.3427999319509282
0.014997634441947384	-0.12421593136865584	unknown Firmicutes [meta_mOTU_v2_7760]	0.027383916063414518
0.315658537340287	0.034844889346958605	unknown Lachnospiraceae [meta_mOTU_v2_6615]	0.40090184120468525
1.8182007230951698e-41	-1.648285398767481	unknown Lachnospiraceae [meta_mOTU_v2_6937]	1.1757698009348765e-39
0.5090262970334642	0.039867346789330856	unknown Lactobacillales [meta_mOTU_v2_6288]	0.5930997094564088
0.00759774136181779	0.07141079293559689	unknown Lactobacillus [meta_mOTU_v2_7023]	0.014926195688026849
0.6590398017062253	0.017908075863734888	unknown Lentisphaerae [meta_mOTU_v2_6979]	0.7254111859915332
0.32452886088021793	-0.06166030007850837	unknown Massiliomicrobiota [meta_mOTU_v2_7010]	0.40937821158058063
0.5474511672861493	0.029263550047816334	unknown Mogibacterium [meta_mOTU_v2_7750]	0.6238210070690923
0.28357825967418065	-0.031329930888891924	unknown Oscillibacter [meta_mOTU_v2_5845]	0.36682656033786676
5.465757009027455e-6	-0.3567539582928756	unknown Oscillibacter [meta_mOTU_v2_5944]	1.8203551240366116e-5
0.8141848044390942	-0.009461051207666715	unknown Oscillibacter [meta_mOTU_v2_6438]	0.8643056200338403
0.0636311030276601	0.09537297670442567	unknown Pasteurellaceae [meta_mOTU_v2_6543]	0.10244343557980133
0.5155608966251719	0.0443233535494049	unknown Pasteurellaceae [meta_mOTU_v2_6865]	0.5962373409554894
0.19751608545120497	0.06738810998422162	unknown Pasteurellaceae [meta_mOTU_v2_7650]	0.2756699322124731
0.3267590241462469	0.029915056856747772	unknown Peptostreptococcaceae [meta_mOTU_v2_5742]	0.41096434803482595
0.1849039595007143	-0.06714807827036244	unknown Peptostreptococcaceae [meta_mOTU_v2_6922]	0.2623134781947976
3.854798946903742e-11	-0.5905121223808393	unknown Peptostreptococcaceae [meta_mOTU_v2_7331]	2.5294390814311663e-10
0.4396438951924738	-0.044344853151242994	unknown Porphyromonas [meta_mOTU_v2_5431]	0.5272263602340381
0.5958510149133519	-0.03131089798803055	unknown Porphyromonas [meta_mOTU_v2_6490]	0.6689372230024583
0.40087095561585373	-0.052892315877201	unknown Porphyromonas [meta_mOTU_v2_7656]	0.48988324654787796
0.3183589913028555	-0.03855024905217417	unknown Porphyromonas [meta_mOTU_v2_7777]	0.40360391474812934
0.38609677411872056	-0.05637785452386189	unknown Prevotella [meta_mOTU_v2_5502]	0.47557316939067806
1.7654308878739208e-4	-0.3344772195765369	unknown Prevotella [meta_mOTU_v2_5555]	4.6756804402394624e-4
0.01740255033232684	-0.1466762081924189	unknown Prevotella [meta_mOTU_v2_6387]	0.03111608077853831
1.875489748049438e-4	-0.24549655686208155	unknown Prevotella [meta_mOTU_v2_6399]	4.9502722601577e-4
3.910051130005796e-5	-0.31962019696998445	unknown Prevotella [meta_mOTU_v2_6516]	1.149318059425946e-4
0.0588177253856698	-0.13427339874193508	unknown Prevotella [meta_mOTU_v2_7342]	0.09528717097970724
0.27435982633108275	-0.05762123507901209	unknown Pseudoflavonifractor [meta_mOTU_v2_6108]	0.35902736126967993
2.0781837030355372e-13	-0.9383638389428804	unknown Roseburia [meta_mOTU_v2_5354]	1.6455821975056906e-12
3.612014962881892e-10	-0.3538175373619644	unknown Roseburia [meta_mOTU_v2_5883]	2.09173403820623e-9
5.419958810317482e-6	-0.2792759968096242	unknown Roseburia [meta_mOTU_v2_7567]	1.8128827744855026e-5
8.997671738827036e-9	-0.3950553290782161	unknown Ruminococcaceae [meta_mOTU_v2_5330]	4.4757649162370386e-8
1.7234779464603132e-6	-0.35589222391759584	unknown Ruminococcaceae [meta_mOTU_v2_6174]	6.051669169471507e-6
2.7524846547079616e-17	-0.713990205731313	unknown Ruminococcaceae [meta_mOTU_v2_6478]	2.966566794518581e-16
7.78191053340634e-44	-1.6626643477904903	unknown Ruminococcaceae [meta_mOTU_v2_6557]	6.709736193248134e-42
0.7819560734008917	0.016388886507504464	unknown Ruminococcaceae [meta_mOTU_v2_6652]	0.8369626385642647
3.153646933694463e-4	-0.1844650668130467	unknown Ruminococcaceae [meta_mOTU_v2_6789]	8.103410664062592e-4
1.2235935662778057e-18	-0.8154543918617788	unknown Ruminococcaceae [meta_mOTU_v2_6850]	1.4836071991118393e-17
2.249140460960703e-44	-1.6969273924655028	unknown Ruminococcaceae [meta_mOTU_v2_6905]	2.7904899724116094e-42
5.724982155637546e-8	-0.28397493630602866	unknown Ruminococcaceae [meta_mOTU_v2_7012]	2.5386206587284204e-7
0.4687797419330707	-0.02911955110834347	unknown Ruminococcaceae [meta_mOTU_v2_7401]	0.5503374882603068
0.5282162562032904	0.04719630394929508	unknown Ruminococcaceae [meta_mOTU_v2_7593]	0.6081540279135806
6.979531179720482e-7	-0.25614355250332005	unknown Ruminococcaceae [meta_mOTU_v2_7646]	2.668037534710884e-6
0.0025029812820196737	-0.19912767220371147	unknown Ruminococcaceae [meta_mOTU_v2_7652]	0.005440653991168814
0.24700945873289534	0.0585268217655893	unknown Ruminococcus [meta_mOTU_v2_5392]	0.33219989597352995
2.1317552425132652e-05	-0.2038735122008897	unknown Ruminococcus [meta_mOTU_v2_6152]	6.564452651548785e-5
1.6509353226774198e-14	-0.603655705824825	unknown Ruminococcus [meta_mOTU_v2_7275]	1.5435250727682866e-13
0.2711152058468567	-0.04998592309661238	unknown Ruminococcus [meta_mOTU_v2_7476]	0.355982063853064
2.2073830021859963e-4	0.20457124198110205	unknown Selenomonadales [meta_mOTU_v2_5674]	5.786923005730855e-4
0.41335684419288166	-0.026684881559103757	unknown Solobacterium [meta_mOTU_v2_7712]	0.504177483383081
0.174331604241115	-0.11168034675797958	unknown Streptococcus [meta_mOTU_v2_5642]	0.24776799430605356
0.2829967770859573	0.04607692452217877	unknown Sutterella [meta_mOTU_v2_5677]	0.36682656033786676
0.02172234024642447	-0.11631241927453406	unknown Sutterella [meta_mOTU_v2_5982]	0.03831030916187589
0.13732935659668427	0.11053915386715871	unknown Sutterellaceae [meta_mOTU_v2_5393]	0.2003867143544936
0.0014461790992074549	0.21216646621076102	unknown Sutterellaceae [meta_mOTU_v2_7053]	0.0033104276725220796
0.02596009166015761	-0.06493193225988919	unknown Synergistaceae [meta_mOTU_v2_6989]	0.04516823122933252
1.8582898510573344e-11	-0.5365106541335661	unknown Tyzzerella [meta_mOTU_v2_5947]	1.264941161772361e-10
0.04937676119669583	0.17190180710839842	unknown Tyzzerella [meta_mOTU_v2_7425]	0.08181445692715575
0.18655338899616078	0.044935983610200875	unknown Veillonella [meta_mOTU_v2_5607]	0.2641704924471182
0.001187110771232097	0.3036266344045058	unknown Veillonella [meta_mOTU_v2_5811]	0.002783075403251079
0.33503070965538984	0.020957096797515028	unknown candidatus Saccharibacteria [meta_mOTU_v2_6046]	0.4206858101821723
0.0016966010541998593	0.13259058640574814	unknown cellular organisms [meta_mOTU_v2_6934]	0.0038161229508959153
